node_id,neighbors_with_weights
0,"[(1, 565.9952835890977), (280, 419.5477795031521), (281, 359.27750218377605)]"
1,"[(0, 565.9952835890977), (380, 392.2628330635508), (381, 283.01719434746667)]"
2,"[(515, 508.5580773883525), (516, 272.6543814049738)]"
3,"[(600, 197.54122355762863), (601, 375.5535907695071)]"
4,"[(10, 510.9455076882531), (24, 469.8691232327421), (27, 535.5662454237192), (676, 85.65416479586759)]"
5,"[(650, 279.33537198963603), (651, 226.13993278347417)]"
6,"[(560, 450.299492614449)]"
7,"[(855, 339.0382060741592)]"
8,"[(310, 385.99831429644166), (311, 292.5720413808793)]"
9,"[(740, 352.81739656188614), (741, 234.75293315371596)]"
10,"[(4, 510.9455076882531), (27, 421.0620070441161), (915, 256.676452074252), (916, 173.25948995908126)]"
11,"[(680, 89.31838649518383), (681, 211.14079858542905)]"
12,"[(475, 220.79924855514528), (476, 357.3344333145312)]"
13,"[(961, 334.0574411584128)]"
14,"[(670, 273.59333067800736), (671, 337.6229339807964)]"
15,"[(710, 196.0854428703883), (711, 183.60002314532863)]"
16,"[(82, 395.55605029038986), (1070, 196.71067054999025), (1071, 323.0458236551369)]"
17,"[(930, 394.78471048081815), (931, 316.169127702982)]"
18,"[(1060, 292.839827600963), (1061, 207.09093120366833)]"
19,"[(450, 255.24913084679633), (451, 203.0998775935202)]"
20,"[(21, 196.2822149575891), (485, 392.09239362802197), (486, 193.61956465769083)]"
21,"[(20, 196.2822149575891), (1185, 197.60336911336825), (1186, 278.847102742343)]"
22,"[(580, 180.4980465581799), (581, 287.6043075073115)]"
23,"[(850, 379.02961858527067), (851, 292.78236496057775)]"
24,"[(4, 469.8691232327421), (27, 526.722739014642), (1275, 119.40214068053503), (1276, 130.04739338082186)]"
25,"[(136, 443.5006313327241), (1355, 434.6083517379257)]"
26,"[(1470, 307.7156852216258), (1471, 228.42894830311008)]"
27,"[(4, 535.5662454237192), (10, 421.0620070441161), (24, 526.722739014642), (800, 254.28413480892232), (801, 258.94773390582725)]"
28,"[(980, 203.72107021664172), (981, 219.53994498482422)]"
29,"[(660, 448.0088465741426), (661, 225.94822978292962)]"
30,"[(1460, 340.0365692378458), (1461, 208.08618785913927)]"
31,"[(1335, 138.5231937941591), (1336, 126.7699424696448)]"
32,"[(235, 106.94896218636258), (736, 302.25461912433263)]"
33,"[(1325, 248.93417810190658)]"
34,"[(1326, 166.00075170579754)]"
35,"[(1395, 254.30883608603932), (1396, 382.44476810409435)]"
36,"[(655, 233.1878828163404), (656, 438.5854281884611)]"
37,"[(345, 227.63860603845578), (346, 321.727481516474)]"
38,"[(1375, 263.28239173793327), (1376, 247.32344325356902)]"
39,"[(840, 300.51814751628245), (841, 358.21153843835975)]"
40,"[(460, 285.59499284999026), (461, 386.3853530768505)]"
41,"[(465, 422.8221595447779), (466, 340.7006735672596)]"
42,"[(1100, 238.96737013187516), (1101, 527.0303639340794)]"
43,"[(1450, 275.6605450478104), (1451, 281.7324869849397)]"
44,"[(865, 308.7451013747537), (866, 197.1844854608603)]"
45,"[(1250, 462.7030247985422), (1251, 254.42838256422)]"
46,"[(63, 641.5132637400791), (330, 296.21972615497015), (331, 380.68769362474393)]"
47,"[(1120, 263.22859035370396), (1121, 419.6016866945431)]"
48,"[(1485, 201.75586033537815), (1486, 505.0508124782171)]"
49,"[(990, 311.5964102256468), (991, 363.57502297320076)]"
50,"[(305, 250.55010958672364), (306, 344.4643349185788)]"
51,"[(52, 415.59544240191394), (730, 269.8995361131781), (731, 87.38329988612212)]"
52,"[(51, 415.59544240191394), (1025, 356.0918103434235)]"
53,"[(157, 737.4942930421662), (480, 307.22149511021223), (481, 334.92580254805335)]"
54,"[(825, 284.59016703201945), (826, 214.77271718581147)]"
55,"[(196, 371.24536083882225), (1150, 161.63604148479018), (1151, 161.51359977210046)]"
56,"[(550, 251.8206271713947), (551, 290.8006334062457)]"
57,"[(1405, 254.87849219482527), (1406, 251.53518650878087)]"
58,"[(1435, 298.6901424434046), (1436, 243.36824743560192)]"
59,"[(1130, 290.06324896067355), (1131, 205.94341208492807)]"
60,"[(335, 362.90560906061995), (336, 263.3630914928836)]"
61,"[(81, 465.6310693426624), (1480, 159.91006075577909)]"
62,"[(950, 327.8302920586861), (951, 248.02475247332225)]"
63,"[(46, 641.5132637400791), (585, 330.34219836879396), (586, 304.8620417937077)]"
64,"[(535, 380.50156575932846), (536, 320.6715706353025)]"
65,"[(193, 201.0338386966095), (340, 279.35489054851195), (341, 225.89722943327823)]"
66,"[(67, 0.0), (530, 487.3423745008022), (531, 355.2781071523063)]"
67,"[(66, 0.0), (350, 311.31290334884386), (351, 473.0197133521656)]"
68,"[(69, 246.52494481229746), (70, 106.20127345995434), (905, 505.97451414311564), (906, 180.06157246925855)]"
69,"[(68, 246.52494481229746), (70, 352.01332043371116), (690, 219.2809653725232), (691, 217.08326574127423), (726, 303.8974691962847)]"
70,"[(68, 106.20127345995434), (69, 352.01332043371116), (1136, 345.47932021712813), (1195, 315.3235049188182)]"
71,"[(72, 0.0), (625, 279.0543314065322), (626, 212.1037508301889)]"
72,"[(71, 0.0), (1085, 135.8173932160712), (1086, 371.0066849209796)]"
73,"[(355, 553.6966140475922), (356, 310.5568389092285)]"
74,"[(1440, 215.6108641831884), (1441, 482.8670302313803)]"
75,"[(525, 284.5739185534668), (526, 439.70667478887833)]"
76,"[(77, 295.4851572879481), (1300, 152.0588386896001), (1301, 159.47481349618315)]"
77,"[(76, 295.4851572879481), (1170, 326.7008761046327), (1171, 250.27422492598234)]"
78,"[(575, 303.3520155475468), (576, 201.9003802727396)]"
79,"[(1515, 361.47490177774006), (1516, 316.2621946807655)]"
80,"[(1135, 212.30129856657314)]"
81,"[(61, 465.6310693426624), (555, 274.2673620387976), (556, 389.7084412537865)]"
82,"[(16, 395.55605029038986), (1190, 301.6524520537322), (1191, 352.16663532769354)]"
83,"[(1305, 136.9555511110576), (1306, 195.46116274323526)]"
84,"[(1295, 113.87026764579323), (1296, 131.17511268750573)]"
85,"[(172, 478.94525329973635), (1430, 311.0392283565484), (1431, 270.9819984438299)]"
86,"[(1270, 219.90313846505862), (1271, 137.51283835556802)]"
87,"[(880, 868.5264368504039), (881, 295.556757020401)]"
88,"[(102, 386.87607995926095), (1080, 197.32110782358282), (1081, 116.34220976440353)]"
89,"[(1110, 360.3340080231163), (1111, 391.11306062381067)]"
90,"[(91, 0.0), (92, 634.0893694233365), (890, 337.9818175948912), (891, 262.44894391841245)]"
91,"[(90, 0.0), (92, 634.0893694233365), (725, 233.1523044031972)]"
92,"[(90, 634.0893694233365), (91, 634.0893694233365), (301, 269.19991376631896), (445, 406.11298853545645)]"
93,"[(94, 423.44685566713656), (253, 540.7034939137513), (925, 388.9701399656813), (926, 337.5497515427572)]"
94,"[(93, 423.44685566713656), (253, 445.37460179797586), (1165, 281.7199442494362), (1166, 342.033926916358)]"
95,"[(700, 147.21040947803505), (701, 220.70448800176126)]"
96,"[(605, 415.961754282856), (606, 352.2771884079886)]"
97,"[(1125, 487.49381413469445), (1126, 302.7200897826524)]"
98,"[(1350, 243.80871469973044), (1351, 376.4186976151653)]"
99,"[(385, 252.4356548126476), (386, 286.25608885753417)]"
100,"[(1360, 425.54340244057244), (1361, 351.84938448397514)]"
101,"[(1010, 238.83826811135407), (1011, 416.73142880929345)]"
102,"[(88, 386.87607995926095), (1285, 113.83360600890906), (1286, 153.39529304201358)]"
103,"[(1525, 232.46818130553345), (1526, 325.3984354703877)]"
104,"[(1455, 309.81142818191313), (1456, 304.7787411580688)]"
105,"[(212, 541.2061706209073), (213, 495.6327202797372), (270, 288.11626611361623), (271, 338.1324131505584)]"
106,"[(1400, 340.91231278609405), (1401, 258.58138510270777)]"
107,"[(405, 203.99555029801965), (406, 350.6365559712374)]"
108,"[(1465, 185.3083139106679), (1466, 309.39400589653906)]"
109,"[(490, 165.31045418288582), (491, 139.98449515047213)]"
110,"[(675, 327.2016505769492)]"
111,"[(135, 486.16213676532277), (815, 287.59967341485253), (816, 273.3568793514266)]"
112,"[(1015, 361.14664375366846), (1016, 336.69456914404674)]"
113,"[(860, 201.4406461943064), (861, 263.56578901762174)]"
114,"[(115, 602.8404119882075), (1000, 470.9752799400716), (1001, 205.54447146282138)]"
115,"[(114, 602.8404119882075), (315, 251.28845648589484), (316, 249.03791053814476)]"
116,"[(435, 327.2065491827972), (436, 292.2532157487036)]"
117,"[(885, 323.5303060474205), (886, 388.5399067950673)]"
118,"[(735, 78.3036803114793)]"
119,"[(870, 187.20365331328784), (871, 413.32702154110666)]"
120,"[(780, 251.703887763137), (781, 478.498359901336)]"
121,"[(360, 266.5223127943375), (361, 293.08297481117785)]"
122,"[(775, 179.71801539587153), (776, 217.87570792627272)]"
123,"[(430, 362.32872430781407), (431, 286.5781756665832)]"
124,"[(770, 216.8556349503017), (771, 195.54196029250744)]"
125,"[(1530, 294.6047356982022)]"
126,"[(127, 0.0), (375, 446.0216967278314), (376, 355.10366496611846)]"
127,"[(126, 0.0), (1496, 288.6205668336747)]"
128,"[(129, 496.14737007742576), (325, 230.50286204089187), (326, 253.17928775735504)]"
129,"[(128, 496.14737007742576), (1495, 446.3790460858883)]"
130,"[(295, 319.98889737895223), (296, 538.9786208993161)]"
131,"[(300, 501.5776924783081)]"
132,"[(221, 406.84822049577025), (222, 406.84822049577025), (505, 339.3314273815528), (506, 234.87062291134862)]"
133,"[(1200, 280.498122241039), (1201, 167.5873003417092)]"
134,"[(975, 253.84007499662115), (976, 238.39126236690547)]"
135,"[(111, 486.16213676532277), (1180, 310.33263638476836), (1181, 217.0411937255534)]"
136,"[(25, 443.5006313327241), (561, 258.15244726776615)]"
137,"[(590, 264.92686995705316), (591, 157.84724835381496)]"
138,"[(995, 417.89449722854084), (996, 551.5134799677388)]"
139,"[(1380, 212.27395645237235), (1381, 203.5374392975637)]"
140,"[(1505, 371.3884112055268), (1506, 496.46368515963553)]"
141,"[(142, 495.71714230756265), (1145, 233.80043016156873), (1146, 165.1254379522963)]"
142,"[(141, 495.71714230756265), (615, 207.87586624050581), (616, 282.362716400556)]"
143,"[(1050, 387.345899676884), (1051, 372.0088464488213)]"
144,"[(1205, 192.913565110293), (1206, 458.8203150525584)]"
145,"[(545, 333.8719866361459), (546, 265.5234795553763)]"
146,"[(845, 313.9874263076146), (846, 383.4181468000578)]"
147,"[(215, 451.7274485937222), (1280, 149.26710683133788), (1281, 124.95184920437701)]"
148,"[(149, 435.28432495351126), (510, 209.48176523890677), (511, 448.43917313199086)]"
149,"[(148, 435.28432495351126), (1155, 146.5972999239091), (1156, 218.64566327552)]"
150,"[(151, 0.0), (900, 543.331013838087), (901, 551.6111302140297)]"
151,"[(150, 0.0), (1020, 287.5588622184293), (1021, 304.04979747410135)]"
152,"[(153, 526.9311674147841), (1265, 216.6986976159126), (1266, 192.23029982766028)]"
153,"[(152, 526.9311674147841), (1140, 300.5935205755982), (1141, 203.5756602782032)]"
154,"[(945, 318.82529380107724), (946, 332.49925402990914)]"
155,"[(955, 214.02924878048725), (956, 272.6135679841186)]"
156,"[(290, 391.92314419768076), (291, 323.49385867215057)]"
157,"[(53, 737.4942930421662), (415, 324.5752113981649), (416, 289.26532645167623)]"
158,"[(159, 0.0), (835, 329.27880933809985), (836, 258.3793416636599)]"
159,"[(158, 0.0), (1385, 205.32215823662605), (1386, 289.6644370824813)]"
160,"[(161, 406.01811991152726), (1445, 553.7191789183355), (1446, 290.0080446484023)]"
161,"[(160, 406.01811991152726), (365, 340.7861929501605), (366, 259.6318804811733)]"
162,"[(720, 195.69680669455676), (721, 261.5446767262021)]"
163,"[(1026, 197.86622485149877)]"
164,"[(186, 314.5618762147265), (275, 304.73139977234433), (276, 390.0881670943548)]"
165,"[(215, 631.2104141226102), (920, 196.34235476701784), (921, 397.36660534630056)]"
166,"[(245, 268.91402830267566), (1055, 435.82940540072474), (1056, 313.89573421646526)]"
167,"[(795, 207.2365986118614), (796, 287.2411890129632)]"
168,"[(1196, 318.64154882408104)]"
169,"[(750, 334.65755374798334), (751, 199.64111206943784)]"
170,"[(1315, 377.70353807996753), (1316, 326.48322606513966)]"
171,"[(1210, 393.0146456932461), (1211, 365.49489760235275)]"
172,"[(85, 478.94525329973635), (1095, 229.1051443567281), (1096, 272.81739562301203)]"
173,"[(174, 574.0850528168922), (1240, 374.7500999804744), (1241, 441.97486945441494)]"
174,"[(173, 574.0850528168922), (320, 291.43685051807785), (321, 268.9586377289716)]"
175,"[(176, 467.0186919060583), (1175, 277.6497914720406), (1176, 310.9179055018303)]"
176,"[(175, 467.0186919060583), (640, 146.98993314898024), (641, 227.83829934295827)]"
177,"[(595, 181.6619669591633), (596, 227.76204168654522)]"
178,"[(214, 281.1540309769162), (251, 230.62989938498245), (1075, 301.3857757179871), (1076, 221.00720870158918)]"
179,"[(965, 366.8765658494368), (966, 457.04190059102336)]"
180,"[(856, 225.71621810046094)]"
181,"[(1005, 240.50858767102437), (1006, 279.6443175610076)]"
182,"[(970, 408.4708215240324), (971, 224.55057706314702)]"
183,"[(455, 202.08746672807794), (456, 318.8021637777224)]"
184,"[(185, 90.13192628355253), (645, 242.37059128126506), (646, 288.72504066487227)]"
185,"[(184, 90.13192628355253), (400, 470.93275410614166), (401, 228.6103358397186)]"
186,"[(164, 314.5618762147265), (1425, 348.09941463826925), (1426, 269.4776130504684)]"
187,"[(1225, 257.87130165656487), (1226, 375.54566628375943)]"
188,"[(1115, 336.81365169924476), (1116, 271.34321181480414)]"
189,"[(190, 365.5933426171458), (820, 237.1681707285483), (821, 262.47982991633506)]"
190,"[(189, 365.5933426171458), (410, 322.6962374726186), (411, 315.631858326608)]"
191,"[(1220, 445.55081440240065), (1221, 301.7141627633363)]"
192,"[(665, 263.9119986599993), (666, 309.37233533136725)]"
193,"[(65, 201.0338386966095), (765, 251.0595912586915), (766, 194.67015853450533)]"
194,"[(1370, 246.8122375687778), (1371, 225.8173873821546)]"
195,"[(940, 190.10559750586393), (941, 348.504482889433)]"
196,"[(55, 371.24536083882225), (790, 361.99247599824537), (791, 186.48010945927805)]"
197,"[(895, 268.852062657086), (896, 505.94080295249165)]"
198,"[(199, 468.5258751259547), (910, 197.10426045242755), (911, 283.1838804283638)]"
199,"[(198, 468.5258751259547), (685, 194.29773602380467), (686, 192.3913817396852)]"
200,"[(470, 293.18318165827066), (471, 195.3434428185323)]"
201,"[(1310, 228.59531271381985), (1311, 418.9212586347602)]"
202,"[(395, 301.33333423244153), (396, 455.2769542080494)]"
203,"[(985, 230.05520820979928), (986, 360.15092098219293)]"
204,"[(1040, 159.2307314224684), (1041, 327.1687063968823)]"
205,"[(1255, 238.938016108354), (1256, 160.39526793716593)]"
206,"[(226, 410.64850224725694), (252, 374.54272879844194), (1415, 214.72037279337096), (1416, 293.12861009670024)]"
207,"[(1500, 259.91944989126455), (1501, 326.70873076635763)]"
208,"[(875, 467.8538400455525), (876, 885.3355766192592)]"
209,"[(695, 191.83642291592753), (696, 153.57417245852037)]"
210,"[(635, 137.46661196687108), (636, 146.65314699344611)]"
211,"[(1030, 187.23336548525947), (1031, 448.0088417214339)]"
212,"[(105, 541.2061706209073), (213, 541.9314359377862), (1160, 255.07414433230855), (1161, 306.93459001290216)]"
213,"[(105, 495.6327202797372), (212, 541.9314359377862), (1090, 319.3048428232338), (1091, 195.5894580575624)]"
214,"[(178, 281.1540309769162), (251, 487.1827406899472), (495, 163.80774647010256), (496, 199.45664969084766)]"
215,"[(147, 451.7274485937222), (165, 631.2104141226102), (500, 170.26618263519467), (501, 306.1324008334925)]"
216,"[(217, 621.7827634185526), (1105, 608.4004455174339), (1106, 378.71653636926914)]"
217,"[(216, 621.7827634185526), (370, 256.32865352871727), (371, 446.07980890637384)]"
218,"[(440, 256.9277548974015), (441, 363.64713299851024)]"
219,"[(520, 250.73936827119965), (521, 286.51950706133886)]"
220,"[(830, 197.86858139827527), (831, 322.54760053843773)]"
221,"[(132, 406.84822049577025), (222, 0.0), (620, 241.31155536513725), (621, 259.73579967317767)]"
222,"[(132, 406.84822049577025), (221, 0.0), (266, 288.6992182707787)]"
223,"[(1230, 436.17805766215247), (1231, 367.29307326773284)]"
224,"[(248, 710.3682329685904), (1410, 235.40852859000935), (1411, 203.20783665178448)]"
225,"[(785, 476.8155649443296), (786, 356.2810423094634)]"
226,"[(206, 410.64850224725694), (252, 294.67505393295176), (630, 198.60463317369687), (631, 154.45567253023498)]"
227,"[(1035, 438.58415905812046), (1036, 155.70094564709441)]"
228,"[(1481, 181.7922942029436)]"
229,"[(570, 386.62856675657116), (571, 270.642560346455)]"
230,"[(1065, 242.63642519595751), (1066, 217.59496143303167)]"
231,"[(745, 222.20584531514277), (746, 321.35203282641646)]"
232,"[(1330, 186.14607202241035), (1331, 157.52139259169343)]"
233,"[(1520, 352.7537299450523), (1521, 222.75634376319883)]"
234,"[(1340, 140.8026179886524), (1341, 486.11147353549507)]"
235,"[(32, 106.94896218636258), (1345, 422.742839132905), (1346, 243.138509077715)]"
236,"[(1245, 377.37289618329), (1246, 396.0326322155542)]"
237,"[(1490, 443.4294269052338), (1491, 408.5048230470132)]"
238,"[(1356, 419.12694258108917)]"
239,"[(1215, 427.6305120829512), (1216, 395.1451693496733)]"
240,"[(705, 252.00793180124424), (706, 183.53097250330705)]"
241,"[(715, 161.6947909095849), (716, 176.05659278752307)]"
242,"[(1390, 250.88081301958346), (1391, 217.1571868678163)]"
243,"[(1260, 178.81470649881578), (1261, 253.86738025429622)]"
244,"[(446, 238.45957701271237)]"
245,"[(166, 268.91402830267566), (425, 255.40905625964274), (426, 368.1243490256175)]"
246,"[(420, 260.3381139007322), (421, 218.5878365272868)]"
247,"[(540, 281.92314852192345), (541, 292.16138730145303)]"
248,"[(224, 710.3682329685904), (810, 162.94894528732286), (811, 245.45242691784182)]"
249,"[(1320, 366.7037157530754), (1321, 217.6247940715502)]"
250,"[(760, 333.4197632144563), (761, 225.17513716196746)]"
251,"[(178, 230.62989938498245), (214, 487.1827406899472), (805, 252.6112322387083), (806, 139.13491975154187)]"
252,"[(206, 374.54272879844194), (226, 294.67505393295176), (1290, 179.55416043902002), (1291, 130.60794473700258)]"
253,"[(93, 540.7034939137513), (94, 445.37460179797586), (1420, 250.2024493262424), (1421, 299.5654019383371)]"
254,"[(610, 300.80082253868557), (611, 198.23062198472644)]"
255,"[(1475, 228.76500928274078), (1476, 165.2504033193013)]"
256,"[(285, 330.0679796272806), (286, 428.1825422995789)]"
257,"[(1045, 375.9766033085052), (1046, 453.4357227900286)]"
258,"[(960, 270.2539649324749)]"
259,"[(260, 487.04775950650185), (935, 273.445625479248), (936, 180.87414991487984)]"
260,"[(259, 487.04775950650185), (390, 298.7574776182655), (391, 351.4536470429448)]"
261,"[(1510, 430.84162352760643), (1511, 350.27981594642944)]"
262,"[(1235, 332.9996871413934), (1236, 320.11370047218935)]"
263,"[(755, 184.70667340938417), (756, 341.12338634547086)]"
264,"[(565, 229.96289713144702), (566, 330.8192298266483)]"
265,"[(1365, 354.55219034448726), (1366, 252.53764055993358)]"
266,"[(222, 288.6992182707787), (267, 283.6445475218442)]"
267,"[(266, 283.6445475218442), (268, 281.0233091113134)]"
268,"[(267, 281.0233091113134), (269, 280.90363160042193)]"
269,"[(268, 280.90363160042193), (270, 283.28868339255575)]"
270,"[(105, 288.11626611361623), (269, 283.28868339255575)]"
271,"[(105, 338.1324131505584), (272, 326.9643698287512)]"
272,"[(271, 326.9643698287512), (273, 317.87494730763933)]"
273,"[(272, 317.87494730763933), (274, 311.046537979659)]"
274,"[(273, 311.046537979659), (275, 306.6303505830489)]"
275,"[(164, 304.73139977234433), (274, 306.6303505830489)]"
276,"[(164, 390.0881670943548), (277, 389.4187340338187)]"
277,"[(276, 389.4187340338187), (278, 392.1365615423447)]"
278,"[(277, 392.1365615423447), (279, 398.17243270803584)]"
279,"[(278, 398.17243270803584), (280, 407.3790239970407)]"
280,"[(0, 419.5477795031521), (279, 407.3790239970407)]"
281,"[(0, 359.27750218377605), (282, 348.26155741502157)]"
282,"[(281, 348.26155741502157), (283, 339.6695243395871)]"
283,"[(282, 339.6695243395871), (284, 333.68880533488414)]"
284,"[(283, 333.68880533488414), (285, 330.46132598675666)]"
285,"[(256, 330.0679796272806), (284, 330.46132598675666)]"
286,"[(256, 428.1825422995789), (287, 414.8616253261959)]"
287,"[(286, 414.8616253261959), (288, 404.37802388963)]"
288,"[(287, 404.37802388963), (289, 396.95643635350837)]"
289,"[(288, 396.95643635350837), (290, 392.7703053532932)]"
290,"[(156, 391.92314419768076), (289, 392.7703053532932)]"
291,"[(156, 323.49385867215057), (292, 317.2965972867728)]"
292,"[(291, 317.2965972867728), (293, 313.79294274707456)]"
293,"[(292, 313.79294274707456), (294, 313.0733555103477)]"
294,"[(293, 313.0733555103477), (295, 315.156920030028)]"
295,"[(130, 319.98889737895223), (294, 315.156920030028)]"
296,"[(130, 538.9786208993161), (297, 523.4157574484483)]"
297,"[(296, 523.4157574484483), (298, 511.66938138072726)]"
298,"[(297, 511.66938138072726), (299, 504.00618085854694)]"
299,"[(298, 504.00618085854694), (300, 500.613473357179)]"
300,"[(131, 501.5776924783081), (299, 500.613473357179)]"
301,"[(92, 269.19991376631896), (302, 264.9025291766787)]"
302,"[(301, 264.9025291766787), (303, 260.87615976740216)]"
303,"[(302, 260.87615976740216), (304, 257.13360454390386)]"
304,"[(303, 257.13360454390386), (305, 253.68748970688907)]"
305,"[(50, 250.55010958672364), (304, 253.68748970688907)]"
306,"[(50, 344.4643349185788), (307, 351.5920038808509)]"
307,"[(306, 351.5920038808509), (308, 359.34861910514286)]"
308,"[(307, 359.34861910514286), (309, 367.6944270394652)]"
309,"[(308, 367.6944270394652), (310, 376.59031395200617)]"
310,"[(8, 385.99831429644166), (309, 376.59031395200617)]"
311,"[(8, 292.5720413808793), (312, 281.80700764520304)]"
312,"[(311, 281.80700764520304), (313, 272.1734348887203)]"
313,"[(312, 272.1734348887203), (314, 263.79522917017175)]"
314,"[(313, 263.79522917017175), (315, 256.79520224769925)]"
315,"[(115, 251.28845648589484), (314, 256.79520224769925)]"
316,"[(115, 249.03791053814476), (317, 255.18079723742383)]"
317,"[(316, 255.18079723742383), (318, 262.597629751604)]"
318,"[(317, 262.597629751604), (319, 271.18382326890145)]"
319,"[(318, 271.18382326890145), (320, 280.8320714817725)]"
320,"[(174, 291.43685051807785), (319, 280.8320714817725)]"
321,"[(174, 268.9586377289716), (322, 259.08947917617377)]"
322,"[(321, 259.08947917617377), (323, 250.20187520602047)]"
323,"[(322, 250.20187520602047), (324, 242.40374781768398)]"
324,"[(323, 242.40374781768398), (325, 235.80313725500136)]"
325,"[(128, 230.50286204089187), (324, 235.80313725500136)]"
326,"[(128, 253.17928775735504), (327, 259.8515451713199)]"
327,"[(326, 259.8515451713199), (328, 267.5799547115553)]"
328,"[(327, 267.5799547115553), (329, 276.27583605610886)]"
329,"[(328, 276.27583605610886), (330, 285.8508549270354)]"
330,"[(46, 296.21972615497015), (329, 285.8508549270354)]"
331,"[(46, 380.68769362474393), (332, 371.0792144454574)]"
332,"[(331, 371.0792144454574), (333, 364.3705641909184)]"
333,"[(332, 364.3705641909184), (334, 360.72349163201454)]"
334,"[(333, 360.72349163201454), (335, 360.2309180607167)]"
335,"[(60, 362.90560906061995), (334, 360.2309180607167)]"
336,"[(60, 263.3630914928836), (337, 262.07116848084564)]"
337,"[(336, 262.07116848084564), (338, 263.0775891156621)]"
338,"[(337, 263.0775891156621), (339, 266.35625066925087)]"
339,"[(338, 266.35625066925087), (340, 271.8248948904388)]"
340,"[(65, 279.35489054851195), (339, 271.8248948904388)]"
341,"[(65, 225.89722943327823), (342, 222.37035287657224)]"
342,"[(341, 222.37035287657224), (343, 220.764709979385)]"
343,"[(342, 220.764709979385), (344, 221.12216168676207)]"
344,"[(343, 221.12216168676207), (345, 223.4332911869989)]"
345,"[(37, 227.63860603845578), (344, 223.4332911869989)]"
346,"[(37, 321.727481516474), (347, 314.37046240256586)]"
347,"[(346, 314.37046240256586), (348, 309.5635412253269)]"
348,"[(347, 309.5635412253269), (349, 307.42640079121827)]"
349,"[(348, 307.42640079121827), (350, 308.01465811055306)]"
350,"[(67, 311.31290334884386), (349, 308.01465811055306)]"
351,"[(67, 473.0197133521656), (352, 485.203890745105)]"
352,"[(351, 485.203890745105), (353, 499.54317687546506)]"
353,"[(352, 499.54317687546506), (354, 515.8581322485131)]"
354,"[(353, 515.8581322485131), (355, 533.9679090702514)]"
355,"[(73, 553.6966140475922), (354, 533.9679090702514)]"
356,"[(73, 310.5568389092285), (357, 299.1276789364757)]"
357,"[(356, 299.1276789364757), (358, 288.88074249963546)]"
358,"[(357, 288.88074249963546), (359, 279.94597170524145)]"
359,"[(358, 279.94597170524145), (360, 272.45259089134396)]"
360,"[(121, 266.5223127943375), (359, 272.45259089134396)]"
361,"[(121, 293.08297481117785), (362, 299.34053931250816)]"
362,"[(361, 299.34053931250816), (363, 307.379253866331)]"
363,"[(362, 307.379253866331), (364, 317.06379605853164)]"
364,"[(363, 317.06379605853164), (365, 328.24863813419734)]"
365,"[(161, 340.7861929501605), (364, 328.24863813419734)]"
366,"[(161, 259.6318804811733), (367, 258.50608163120233)]"
367,"[(366, 258.50608163120233), (368, 257.6108373282808)]"
368,"[(367, 257.6108373282808), (369, 256.94847480620643)]"
369,"[(368, 256.94847480620643), (370, 256.5207158916561)]"
370,"[(217, 256.32865352871727), (369, 256.5207158916561)]"
371,"[(217, 446.07980890637384), (372, 445.266790858535)]"
372,"[(371, 445.266790858535), (373, 444.8541444720035)]"
373,"[(372, 444.8541444720035), (374, 444.8427372525079)]"
374,"[(373, 444.8427372525079), (375, 445.2323536222335)]"
375,"[(126, 446.0216967278314), (374, 445.2323536222335)]"
376,"[(126, 355.10366496611846), (377, 361.48347350962405)]"
377,"[(376, 361.48347350962405), (378, 368.42008792758696)]"
378,"[(377, 368.42008792758696), (379, 375.8826035833637)]"
379,"[(378, 375.8826035833637), (380, 383.84026113005336)]"
380,"[(1, 392.2628330635508), (379, 383.84026113005336)]"
381,"[(1, 283.01719434746667), (382, 276.0920057234757)]"
382,"[(381, 276.0920057234757), (383, 269.5428501084254)]"
383,"[(382, 269.5428501084254), (384, 263.3977412316731)]"
384,"[(383, 263.3977412316731), (385, 257.6855549148277)]"
385,"[(99, 252.4356548126476), (384, 257.6855549148277)]"
386,"[(99, 286.25608885753417), (387, 288.1828435089001)]"
387,"[(386, 288.1828435089001), (388, 290.40343807475193)]"
388,"[(387, 290.40343807475193), (389, 292.91109560711254)]"
389,"[(388, 292.91109560711254), (390, 295.69841707929805)]"
390,"[(260, 298.7574776182655), (389, 295.69841707929805)]"
391,"[(260, 351.4536470429448), (392, 338.46317539021237)]"
392,"[(391, 338.46317539021237), (393, 326.8092448755477)]"
393,"[(392, 326.8092448755477), (394, 316.6395826220896)]"
394,"[(393, 316.6395826220896), (395, 308.10132919074954)]"
395,"[(202, 301.33333423244153), (394, 308.10132919074954)]"
396,"[(202, 455.2769542080494), (397, 450.5000980498053)]"
397,"[(396, 450.5000980498053), (398, 449.7076065043645)]"
398,"[(397, 449.7076065043645), (399, 452.9204823325121)]"
399,"[(398, 452.9204823325121), (400, 460.0549022154731)]"
400,"[(185, 470.93275410614166), (399, 460.0549022154731)]"
401,"[(185, 228.6103358397186), (402, 220.7978142796305)]"
402,"[(401, 220.7978142796305), (403, 214.31587905476107)]"
403,"[(402, 214.31587905476107), (404, 209.28825153582557)]"
404,"[(403, 209.28825153582557), (405, 205.8215902183958)]"
405,"[(107, 203.99555029801965), (404, 205.8215902183958)]"
406,"[(107, 350.6365559712374), (407, 339.96399512377445)]"
407,"[(406, 339.96399512377445), (408, 331.67610122135864)]"
408,"[(407, 331.67610122135864), (409, 325.9547205015332)]"
409,"[(408, 325.9547205015332), (410, 322.93618383954424)]"
410,"[(190, 322.6962374726186), (409, 322.93618383954424)]"
411,"[(190, 315.631858326608), (412, 311.92586042562823)]"
412,"[(411, 311.92586042562823), (413, 310.9782306593117)]"
413,"[(412, 310.9782306593117), (414, 312.81400384142825)]"
414,"[(413, 312.81400384142825), (415, 317.38485169648106)]"
415,"[(157, 324.5752113981649), (414, 317.38485169648106)]"
416,"[(157, 289.26532645167623), (417, 279.66142546825705)]"
417,"[(416, 279.66142546825705), (418, 271.8248529607331)]"
418,"[(417, 271.8248529607331), (419, 265.91182295513846)]"
419,"[(418, 265.91182295513846), (420, 262.05249014075423)]"
420,"[(246, 260.3381139007322), (419, 262.05249014075423)]"
421,"[(246, 218.5878365272868), (422, 224.44207015746414)]"
422,"[(421, 224.44207015746414), (423, 231.1198272107774)]"
423,"[(422, 231.1198272107774), (424, 238.5519212342124)]"
424,"[(423, 238.5519212342124), (425, 246.67014573039447)]"
425,"[(245, 255.40905625964274), (424, 246.67014573039447)]"
426,"[(245, 368.1243490256175), (427, 360.7496955909554)]"
427,"[(426, 360.7496955909554), (428, 356.4118701754253)]"
428,"[(427, 356.4118701754253), (429, 355.2221179778219)]"
429,"[(428, 355.2221179778219), (430, 357.2118703080973)]"
430,"[(123, 362.32872430781407), (429, 357.2118703080973)]"
431,"[(123, 286.5781756665832), (432, 293.4656599089382)]"
432,"[(431, 293.4656599089382), (433, 301.020463187683)]"
433,"[(432, 301.020463187683), (434, 309.193674963335)]"
434,"[(433, 309.193674963335), (435, 317.9376154500505)]"
435,"[(116, 327.2065491827972), (434, 317.9376154500505)]"
436,"[(116, 292.2532157487036), (437, 284.207748047295)]"
437,"[(436, 284.207748047295), (438, 276.61359168906046)]"
438,"[(437, 276.61359168906046), (439, 269.50891976287926)]"
439,"[(438, 269.50891976287926), (440, 262.93342755793225)]"
440,"[(218, 256.9277548974015), (439, 262.93342755793225)]"
441,"[(218, 363.64713299851024), (442, 370.94392971633334)]"
442,"[(441, 370.94392971633334), (443, 378.87765884035366)]"
443,"[(442, 378.87765884035366), (444, 387.4092524512782)]"
444,"[(443, 387.4092524512782), (445, 396.5001897213667)]"
445,"[(92, 406.11298853545645), (444, 396.5001897213667)]"
446,"[(244, 238.45957701271237), (447, 241.27384831579118)]"
447,"[(446, 241.27384831579118), (448, 244.37063311562508)]"
448,"[(447, 244.37063311562508), (449, 247.73939319525144)]"
449,"[(448, 247.73939319525144), (450, 251.3692520764026)]"
450,"[(19, 255.24913084679633), (449, 251.3692520764026)]"
451,"[(19, 203.0998775935202), (452, 202.53627671435305)]"
452,"[(451, 202.53627671435305), (453, 202.15239994650497)]"
453,"[(452, 202.15239994650497), (454, 201.94932307706608)]"
454,"[(453, 201.94932307706608), (455, 201.927642354327)]"
455,"[(183, 202.08746672807794), (454, 201.927642354327)]"
456,"[(183, 318.8021637777224), (457, 311.2877351475167)]"
457,"[(456, 311.2877351475167), (458, 304.1802254715291)]"
458,"[(457, 304.1802254715291), (459, 297.5088535563095)]"
459,"[(458, 297.5088535563095), (460, 291.30363346210186)]"
460,"[(40, 285.59499284999026), (459, 291.30363346210186)]"
461,"[(40, 386.3853530768505), (462, 392.6324153151038)]"
462,"[(461, 392.6324153151038), (463, 399.42696106603483)]"
463,"[(462, 399.42696106603483), (464, 406.74166774023007)]"
464,"[(463, 406.74166774023007), (465, 414.54912273280956)]"
465,"[(41, 422.8221595447779), (464, 414.54912273280956)]"
466,"[(41, 340.7006735672596), (467, 329.6119906768999)]"
467,"[(466, 329.6119906768999), (468, 319.2422051557844)]"
468,"[(467, 319.2422051557844), (469, 309.66351855775446)]"
469,"[(468, 309.66351855775446), (470, 300.9514388588839)]"
470,"[(200, 293.18318165827066), (469, 300.9514388588839)]"
471,"[(200, 195.3434428185323), (472, 197.58139651282605)]"
472,"[(471, 197.58139651282605), (473, 201.33908947283172)]"
473,"[(472, 201.33908947283172), (474, 206.53353301923462)]"
474,"[(473, 206.53353301923462), (475, 213.05961694596928)]"
475,"[(12, 220.79924855514528), (474, 213.05961694596928)]"
476,"[(12, 357.3344333145312), (477, 344.1322747791885)]"
477,"[(476, 344.1322747791885), (478, 332.3648369338543)]"
478,"[(477, 332.3648369338543), (479, 322.18923294829636)]"
479,"[(478, 322.18923294829636), (480, 313.7602372909039)]"
480,"[(53, 307.22149511021223), (479, 313.7602372909039)]"
481,"[(53, 334.92580254805335), (482, 343.12921530469094)]"
482,"[(481, 343.12921530469094), (483, 353.09355557656255)]"
483,"[(482, 353.09355557656255), (484, 364.67435959343527)]"
484,"[(483, 364.67435959343527), (485, 377.72284533813945)]"
485,"[(20, 392.09239362802197), (484, 377.72284533813945)]"
486,"[(20, 193.61956465769083), (487, 186.57771830083786)]"
487,"[(486, 186.57771830083786), (488, 180.1569077467519)]"
488,"[(487, 180.1569077467519), (489, 174.4256998722329)]"
489,"[(488, 174.4256998722329), (490, 169.45404624371682)]"
490,"[(109, 165.31045418288582), (489, 169.45404624371682)]"
491,"[(109, 139.98449515047213), (492, 143.3864011950352)]"
492,"[(491, 143.3864011950352), (493, 147.53101400362817)]"
493,"[(492, 147.53101400362817), (494, 152.35770799090807)]"
494,"[(493, 152.35770799090807), (495, 157.80388466071977)]"
495,"[(214, 163.80774647010256), (494, 157.80388466071977)]"
496,"[(214, 199.45664969084766), (497, 192.23668927979628)]"
497,"[(496, 192.23668927979628), (498, 185.63866158935795)]"
498,"[(497, 185.63866158935795), (499, 179.73104388931904)]"
499,"[(498, 179.73104388931904), (500, 174.583903022736)]"
500,"[(215, 170.26618263519467), (499, 174.583903022736)]"
501,"[(215, 306.1324008334925), (502, 311.83992007865896)]"
502,"[(501, 311.83992007865896), (503, 318.0416945594397)]"
503,"[(502, 318.0416945594397), (504, 324.7094600729855)]"
504,"[(503, 324.7094600729855), (505, 331.815186323228)]"
505,"[(132, 339.3314273815528), (504, 331.815186323228)]"
506,"[(132, 234.87062291134862), (507, 229.1177122666483)]"
507,"[(506, 229.1177122666483), (508, 223.67859570124722)]"
508,"[(507, 223.67859570124722), (509, 218.57672538300594)]"
509,"[(508, 218.57672538300594), (510, 213.8362634654618)]"
510,"[(148, 209.48176523890677), (509, 213.8362634654618)]"
511,"[(148, 448.43917313199086), (512, 458.6925532730984)]"
512,"[(511, 458.6925532730984), (513, 469.89654488086217)]"
513,"[(512, 469.89654488086217), (514, 481.98489370905264)]"
514,"[(513, 481.98489370905264), (515, 494.89285041093126)]"
515,"[(2, 508.5580773883525), (514, 494.89285041093126)]"
516,"[(2, 272.6543814049738), (517, 267.6544409138034)]"
517,"[(516, 267.6544409138034), (518, 262.94694349057636)]"
518,"[(517, 262.94694349057636), (519, 258.54792472496683)]"
519,"[(518, 258.54792472496683), (520, 254.47344093420293)]"
520,"[(219, 250.73936827119965), (519, 254.47344093420293)]"
521,"[(219, 286.51950706133886), (522, 285.6166617584402)]"
522,"[(521, 285.6166617584402), (523, 284.9691797058848)]"
523,"[(522, 284.9691797058848), (524, 284.5789053122041)]"
524,"[(523, 284.5789053122041), (525, 284.44699830911435)]"
525,"[(75, 284.5739185534668), (524, 284.44699830911435)]"
526,"[(75, 439.70667478887833), (527, 447.89004955475343)]"
527,"[(526, 447.89004955475343), (528, 456.7857442734797)]"
528,"[(527, 456.7857442734797), (529, 466.3531103579338)]"
529,"[(528, 466.3531103579338), (530, 476.5518201152528)]"
530,"[(66, 487.3423745008022), (529, 476.5518201152528)]"
531,"[(66, 355.2781071523063), (532, 359.5000483087008)]"
532,"[(531, 359.5000483087008), (533, 364.14963632687795)]"
533,"[(532, 364.14963632687795), (534, 369.2108384957929)]"
534,"[(533, 369.2108384957929), (535, 374.66710238684965)]"
535,"[(64, 380.50156575932846), (534, 374.66710238684965)]"
536,"[(64, 320.6715706353025), (537, 311.83460837952543)]"
537,"[(536, 311.83460837952543), (538, 303.4981644696718)]"
538,"[(537, 303.4981644696718), (539, 295.70459606478676)]"
539,"[(538, 295.70459606478676), (540, 288.49791796955145)]"
540,"[(247, 281.92314852192345), (539, 288.49791796955145)]"
541,"[(247, 292.16138730145303), (542, 296.5718832506646)]"
542,"[(541, 296.5718832506646), (543, 303.0915454244739)]"
543,"[(542, 303.0915454244739), (544, 311.5878789311924)]"
544,"[(543, 311.5878789311924), (545, 321.90428726342725)]"
545,"[(145, 333.8719866361459), (544, 321.90428726342725)]"
546,"[(145, 265.5234795553763), (547, 258.61947429912027)]"
547,"[(546, 258.61947429912027), (548, 253.7041618573042)]"
548,"[(547, 253.7041618573042), (549, 250.89441001351216)]"
549,"[(548, 250.89441001351216), (550, 250.26110557805424)]"
550,"[(56, 251.8206271713947), (549, 250.26110557805424)]"
551,"[(56, 290.8006334062457), (552, 282.98994275930244)]"
552,"[(551, 282.98994275930244), (553, 277.32325005225965)]"
553,"[(552, 277.32325005225965), (554, 273.93369679691114)]"
554,"[(553, 273.93369679691114), (555, 272.9061993491987)]"
555,"[(81, 274.2673620387976), (554, 272.9061993491987)]"
556,"[(81, 389.7084412537865), (557, 399.72717529300036)]"
557,"[(556, 399.72717529300036), (558, 410.8844660491808)]"
558,"[(557, 410.8844660491808), (559, 423.0903028942065)]"
559,"[(558, 423.0903028942065), (560, 436.25672185760703)]"
560,"[(6, 450.299492614449), (559, 436.25672185760703)]"
561,"[(136, 258.15244726776615), (562, 249.32796886460096)]"
562,"[(561, 249.32796886460096), (563, 241.96963095046723)]"
563,"[(562, 241.96963095046723), (564, 236.21455890598352)]"
564,"[(563, 236.21455890598352), (565, 232.18207669225495)]"
565,"[(264, 229.96289713144702), (564, 232.18207669225495)]"
566,"[(264, 330.8192298266483), (567, 338.796863349981)]"
567,"[(566, 338.796863349981), (568, 348.50856622233374)]"
568,"[(567, 348.50856622233374), (569, 359.8140950818702)]"
569,"[(568, 359.8140950818702), (570, 372.56851229724106)]"
570,"[(229, 386.62856675657116), (569, 372.56851229724106)]"
571,"[(229, 270.642560346455), (572, 276.24520179572136)]"
572,"[(571, 276.24520179572136), (573, 282.3489735654426)]"
573,"[(572, 282.3489735654426), (574, 288.92208812926833)]"
574,"[(573, 288.92208812926833), (575, 295.9332386840825)]"
575,"[(78, 303.3520155475468), (574, 295.9332386840825)]"
576,"[(78, 201.9003802727396), (577, 197.05007079568912)]"
577,"[(576, 197.05007079568912), (578, 192.46505893211298)]"
578,"[(577, 192.46505893211298), (579, 188.16471931514363)]"
579,"[(578, 188.16471931514363), (580, 184.1689768154655)]"
580,"[(22, 180.4980465581799), (579, 184.1689768154655)]"
581,"[(22, 287.6043075073115), (582, 294.76591649209615)]"
582,"[(581, 294.76591649209615), (583, 302.67683527991966)]"
583,"[(582, 302.67683527991966), (584, 311.2799533992243)]"
584,"[(583, 311.2799533992243), (585, 320.5195425213272)]"
585,"[(63, 330.34219836879396), (584, 320.5195425213272)]"
586,"[(63, 304.8620417937077), (587, 295.67255189453255)]"
587,"[(586, 295.67255189453255), (588, 287.03221135973325)]"
588,"[(587, 287.03221135973325), (589, 278.99204690333084)]"
589,"[(588, 278.99204690333084), (590, 271.605371959016)]"
590,"[(137, 264.92686995705316), (589, 271.605371959016)]"
591,"[(137, 157.84724835381496), (592, 161.8266706793475)]"
592,"[(591, 161.8266706793475), (593, 166.23014265470783)]"
593,"[(592, 166.23014265470783), (594, 171.0249181169447)]"
594,"[(593, 171.0249181169447), (595, 176.17905439470871)]"
595,"[(177, 181.6619669591633), (594, 176.17905439470871)]"
596,"[(177, 227.76204168654522), (597, 220.79241312248809)]"
597,"[(596, 220.79241312248809), (598, 214.2448540494726)]"
598,"[(597, 214.2448540494726), (599, 208.15919904007757)]"
599,"[(598, 208.15919904007757), (600, 202.57708775225427)]"
600,"[(3, 197.54122355762863), (599, 202.57708775225427)]"
601,"[(3, 375.5535907695071), (602, 382.4900735103026)]"
602,"[(601, 382.4900735103026), (603, 390.0335544329373)]"
603,"[(602, 390.0335544329373), (604, 398.1494504842518)]"
604,"[(603, 398.1494504842518), (605, 406.8034111264185)]"
605,"[(96, 415.961754282856), (604, 406.8034111264185)]"
606,"[(96, 352.2771884079886), (607, 339.51204029216996)]"
607,"[(606, 339.51204029216996), (608, 327.85844123685405)]"
608,"[(607, 327.85844123685405), (609, 317.43893026844074)]"
609,"[(608, 317.43893026844074), (610, 308.3787328844662)]"
610,"[(254, 300.80082253868557), (609, 308.3787328844662)]"
611,"[(254, 198.23062198472644), (612, 199.75286487092995)]"
612,"[(611, 199.75286487092995), (613, 201.48409039771343)]"
613,"[(612, 201.48409039771343), (614, 203.41891871380543)]"
614,"[(613, 203.41891871380543), (615, 205.55155531458556)]"
615,"[(142, 207.87586624050581), (614, 205.55155531458556)]"
616,"[(142, 282.362716400556), (617, 272.5157240057859)]"
617,"[(616, 272.5157240057859), (618, 263.4067397613147)]"
618,"[(617, 263.4067397613147), (619, 255.11487204807005)]"
619,"[(618, 255.11487204807005), (620, 247.72223806894354)]"
620,"[(221, 241.31155536513725), (619, 247.72223806894354)]"
621,"[(221, 259.73579967317767), (622, 262.98630968439085)]"
622,"[(621, 262.98630968439085), (623, 266.5562884901982)]"
623,"[(622, 266.5562884901982), (624, 270.4330203198336)]"
624,"[(623, 270.4330203198336), (625, 274.6034468469025)]"
625,"[(71, 279.0543314065322), (624, 274.6034468469025)]"
626,"[(71, 212.1037508301889), (627, 208.9721109473604)]"
627,"[(626, 208.9721109473604), (628, 206.04759546292527)]"
628,"[(627, 206.04759546292527), (629, 203.33909741017752)]"
629,"[(628, 203.33909741017752), (630, 200.85531327939248)]"
630,"[(226, 198.60463317369687), (629, 200.85531327939248)]"
631,"[(226, 154.45567253023498), (632, 150.60691078581272)]"
632,"[(631, 150.60691078581272), (633, 146.9674764864776)]"
633,"[(632, 146.9674764864776), (634, 143.55328117203376)]"
634,"[(633, 143.55328117203376), (635, 140.38075111253417)]"
635,"[(210, 137.46661196687108), (634, 140.38075111253417)]"
636,"[(210, 146.65314699344611), (637, 146.4572759641139)]"
637,"[(636, 146.4572759641139), (638, 146.3930499304568)]"
638,"[(637, 146.3930499304568), (639, 146.46061542579307)]"
639,"[(638, 146.46061542579307), (640, 146.65976364626732)]"
640,"[(176, 146.98993314898024), (639, 146.65976364626732)]"
641,"[(176, 227.83829934295827), (642, 230.24126099773147)]"
642,"[(641, 230.24126099773147), (643, 232.9050433577843)]"
643,"[(642, 232.9050433577843), (644, 235.8207544430368)]"
644,"[(643, 235.8207544430368), (645, 238.9791180208683)]"
645,"[(184, 242.37059128126506), (644, 238.9791180208683)]"
646,"[(184, 288.72504066487227), (647, 286.32098886457476)]"
647,"[(646, 286.32098886457476), (648, 284.17451128306004)]"
648,"[(647, 284.17451128306004), (649, 282.291386387966)]"
649,"[(648, 282.291386387966), (650, 280.67681910356225)]"
650,"[(5, 279.33537198963603), (649, 280.67681910356225)]"
651,"[(5, 226.13993278347417), (652, 227.11826674355476)]"
652,"[(651, 227.11826674355476), (653, 228.31597918638897)]"
653,"[(652, 228.31597918638897), (654, 229.72957774029143)]"
654,"[(653, 229.72957774029143), (655, 231.35504329926496)]"
655,"[(36, 233.1878828163404), (654, 231.35504329926496)]"
656,"[(36, 438.5854281884611), (657, 439.6572665721669)]"
657,"[(656, 439.6572665721669), (658, 441.1404123509388)]"
658,"[(657, 441.1404123509388), (659, 443.0304999242507)]"
659,"[(658, 443.0304999242507), (660, 445.3221111884288)]"
660,"[(29, 448.0088465741426), (659, 445.3221111884288)]"
661,"[(29, 225.94822978292962), (662, 232.01454239074408)]"
662,"[(661, 232.01454239074408), (663, 238.9131574068372)]"
663,"[(662, 238.9131574068372), (664, 246.5742653999865)]"
664,"[(663, 246.5742653999865), (665, 254.92916492215997)]"
665,"[(192, 263.9119986599993), (664, 254.92916492215997)]"
666,"[(192, 309.37233533136725), (667, 301.2595868184851)]"
667,"[(666, 301.2595868184851), (668, 293.589186540955)]"
668,"[(667, 293.589186540955), (669, 286.3966458383966)]"
669,"[(668, 286.3966458383966), (670, 279.7188034105769)]"
670,"[(14, 273.59333067800736), (669, 279.7188034105769)]"
671,"[(14, 337.6229339807964), (672, 334.92794464190564)]"
672,"[(671, 334.92794464190564), (673, 332.5322905515466)]"
673,"[(672, 332.5322905515466), (674, 330.44234863223664)]"
674,"[(673, 330.44234863223664), (675, 328.6638191790457)]"
675,"[(110, 327.2016505769492), (674, 328.6638191790457)]"
676,"[(4, 85.65416479586759), (677, 84.9032514885955)]"
677,"[(676, 84.9032514885955), (678, 84.90370824725679)]"
678,"[(677, 84.90370824725679), (679, 85.65551920946587)]"
679,"[(678, 85.65551920946587), (680, 87.13923542737805)]"
680,"[(11, 89.31838649518383), (679, 87.13923542737805)]"
681,"[(11, 211.14079858542905), (682, 204.71846921198323)]"
682,"[(681, 204.71846921198323), (683, 199.72829440271389)]"
683,"[(682, 199.72829440271389), (684, 196.27949869112214)]"
684,"[(683, 196.27949869112214), (685, 194.45407262045777)]"
685,"[(199, 194.29773602380467), (684, 194.45407262045777)]"
686,"[(199, 192.3913817396852), (687, 195.10316807419636)]"
687,"[(686, 195.10316807419636), (688, 199.2426641027629)]"
688,"[(687, 199.2426641027629), (689, 204.72322878485474)]"
689,"[(688, 204.72322878485474), (690, 211.44055477730154)]"
690,"[(69, 219.2809653725232), (689, 211.44055477730154)]"
691,"[(69, 217.08326574127423), (692, 209.46620184520825)]"
692,"[(691, 209.46620184520825), (693, 203.02509642363322)]"
693,"[(692, 203.02509642363322), (694, 197.874769334332)]"
694,"[(693, 197.874769334332), (695, 194.117934813816)]"
695,"[(209, 191.83642291592753), (694, 194.117934813816)]"
696,"[(209, 153.57417245852037), (697, 149.81800344984123)]"
697,"[(696, 149.81800344984123), (698, 147.25563656265376)]"
698,"[(697, 147.25563656265376), (699, 145.94997359311407)]"
699,"[(698, 145.94997359311407), (700, 145.93476071575202)]"
700,"[(95, 147.21040947803505), (699, 145.93476071575202)]"
701,"[(95, 220.70448800176126), (702, 223.95012436819917)]"
702,"[(701, 223.95012436819917), (703, 228.81208668957862)]"
703,"[(702, 228.81208668957862), (704, 235.19022835192922)]"
704,"[(703, 235.19022835192922), (705, 242.96524140919308)]"
705,"[(240, 252.00793180124424), (704, 242.96524140919308)]"
706,"[(240, 183.53097250330705), (707, 182.92284215621214)]"
707,"[(706, 182.92284215621214), (708, 183.91829432750353)]"
708,"[(707, 183.91829432750353), (709, 186.49162412727694)]"
709,"[(708, 186.49162412727694), (710, 190.57889849726527)]"
710,"[(15, 196.0854428703883), (709, 190.57889849726527)]"
711,"[(15, 183.60002314532863), (712, 177.09954100158808)]"
712,"[(711, 177.09954100158808), (713, 171.56783791569572)]"
713,"[(712, 171.56783791569572), (714, 167.101116197861)]"
714,"[(713, 167.101116197861), (715, 163.78649168938972)]"
715,"[(241, 161.6947909095849), (714, 163.78649168938972)]"
716,"[(241, 176.05659278752307), (717, 177.24062038045022)]"
717,"[(716, 177.24062038045022), (718, 179.87089923079796)]"
718,"[(717, 179.87089923079796), (719, 183.8853389826586)]"
719,"[(718, 183.8853389826586), (720, 189.19581331623226)]"
720,"[(162, 195.69680669455676), (719, 189.19581331623226)]"
721,"[(162, 261.5446767262021), (722, 252.59864738648486)]"
722,"[(721, 252.59864738648486), (723, 245.1566415404295)]"
723,"[(722, 245.1566415404295), (724, 239.35891495111204)]"
724,"[(723, 239.35891495111204), (725, 235.32695348777546)]"
725,"[(91, 233.1523044031972), (724, 235.32695348777546)]"
726,"[(69, 303.8974691962847), (727, 293.3756938005238)]"
727,"[(726, 293.3756938005238), (728, 284.5632866149032)]"
728,"[(727, 284.5632866149032), (729, 277.623171653126)]"
729,"[(728, 277.623171653126), (730, 272.6984377941428)]"
730,"[(51, 269.8995361131781), (729, 272.6984377941428)]"
731,"[(51, 87.38329988612212), (732, 84.4416957135211)]"
732,"[(731, 84.4416957135211), (733, 82.01977331846733)]"
733,"[(732, 82.01977331846733), (734, 80.1646403303496)]"
734,"[(733, 80.1646403303496), (735, 78.91627027265638)]"
735,"[(118, 78.3036803114793), (734, 78.91627027265638)]"
736,"[(32, 302.25461912433263), (737, 310.2217478328933)]"
737,"[(736, 310.2217478328933), (738, 319.35802896789744)]"
738,"[(737, 319.35802896789744), (739, 329.5663189439278)]"
739,"[(738, 329.5663189439278), (740, 340.7503496205591)]"
740,"[(9, 352.81739656188614), (739, 340.7503496205591)]"
741,"[(9, 234.75293315371596), (742, 231.78283120602603)]"
742,"[(741, 231.78283120602603), (743, 229.03520933149466)]"
743,"[(742, 229.03520933149466), (744, 226.518105482813)]"
744,"[(743, 226.518105482813), (745, 224.2392259417204)]"
745,"[(231, 222.20584531514277), (744, 224.2392259417204)]"
746,"[(231, 321.35203282641646), (747, 323.36950865921955)]"
747,"[(746, 323.36950865921955), (748, 325.7163318646963)]"
748,"[(747, 325.7163318646963), (749, 328.38532161943283)]"
749,"[(748, 328.38532161943283), (750, 331.3685715487288)]"
750,"[(169, 334.65755374798334), (749, 331.3685715487288)]"
751,"[(169, 199.64111206943784), (752, 196.21779607619453)]"
752,"[(751, 196.21779607619453), (753, 193.00222668505327)]"
753,"[(752, 193.00222668505327), (754, 190.004916641537)]"
754,"[(753, 190.004916641537), (755, 187.23631457482705)]"
755,"[(263, 184.70667340938417), (754, 187.23631457482705)]"
756,"[(263, 341.12338634547086), (757, 338.965248900613)]"
757,"[(756, 338.965248900613), (758, 337.1112995756626)]"
758,"[(757, 337.1112995756626), (759, 335.56644014737503)]"
759,"[(758, 335.56644014737503), (760, 334.3348166473506)]"
760,"[(250, 333.4197632144563), (759, 334.3348166473506)]"
761,"[(250, 225.17513716196746), (762, 229.6158048859034)]"
762,"[(761, 229.6158048859034), (763, 234.44813059391566)]"
763,"[(762, 234.44813059391566), (764, 239.64839846706275)]"
764,"[(763, 239.64839846706275), (765, 245.1931706726846)]"
765,"[(193, 251.0595912586915), (764, 245.1931706726846)]"
766,"[(193, 194.67015853450533), (767, 198.4773290815386)]"
767,"[(766, 198.4773290815386), (768, 202.61944127193178)]"
768,"[(767, 202.61944127193178), (769, 207.07637782414778)]"
769,"[(768, 207.07637782414778), (770, 211.82824613073126)]"
770,"[(124, 216.8556349503017), (769, 211.82824613073126)]"
771,"[(124, 195.54196029250744), (772, 191.93337647004466)]"
772,"[(771, 191.93337647004466), (773, 188.53515389347993)]"
773,"[(772, 188.53515389347993), (774, 185.35883149287733)]"
774,"[(773, 185.35883149287733), (775, 182.41597157004682)]"
775,"[(122, 179.71801539587153), (774, 182.41597157004682)]"
776,"[(122, 217.87570792627272), (777, 223.4819113382497)]"
777,"[(776, 223.4819113382497), (778, 229.7168492430155)]"
778,"[(777, 229.7168492430155), (779, 236.53082274146618)]"
779,"[(778, 236.53082274146618), (780, 243.8753121093778)]"
780,"[(120, 251.703887763137), (779, 243.8753121093778)]"
781,"[(120, 478.498359901336), (782, 477.3030894272654)]"
782,"[(781, 477.3030894272654), (783, 476.53596767180005)]"
783,"[(782, 476.53596767180005), (784, 476.1987803177767)]"
784,"[(783, 476.1987803177767), (785, 476.2921576821194)]"
785,"[(225, 476.8155649443296), (784, 476.2921576821194)]"
786,"[(225, 356.2810423094634), (787, 356.76770037631417)]"
787,"[(786, 356.76770037631417), (788, 357.5850211357235)]"
788,"[(787, 357.5850211357235), (789, 358.7305881545875)]"
789,"[(788, 358.7305881545875), (790, 360.20111245975653)]"
790,"[(196, 361.99247599824537), (789, 360.20111245975653)]"
791,"[(196, 186.48010945927805), (792, 190.04575468301678)]"
792,"[(791, 190.04575468301678), (793, 193.92239005528174)]"
793,"[(792, 193.92239005528174), (794, 198.09173944935972)]"
794,"[(793, 198.09173944935972), (795, 202.53570533320269)]"
795,"[(167, 207.2365986118614), (794, 202.53570533320269)]"
796,"[(167, 287.2411890129632), (797, 279.7626959377296)]"
797,"[(796, 279.7626959377296), (798, 272.69452584015755)]"
798,"[(797, 272.69452584015755), (799, 266.0693529599322)]"
799,"[(798, 266.0693529599322), (800, 259.9210312211775)]"
800,"[(27, 254.28413480892232), (799, 259.9210312211775)]"
801,"[(27, 258.94773390582725), (802, 257.2136863549001)]"
802,"[(801, 257.2136863549001), (803, 255.7093023353448)]"
803,"[(802, 255.7093023353448), (804, 254.43857539715438)]"
804,"[(803, 254.43857539715438), (805, 253.40494134648398)]"
805,"[(251, 252.6112322387083), (804, 253.40494134648398)]"
806,"[(251, 139.13491975154187), (807, 142.80031116081557)]"
807,"[(806, 142.80031116081557), (808, 147.06463877406543)]"
808,"[(807, 147.06463877406543), (809, 151.87748081656943)]"
809,"[(808, 151.87748081656943), (810, 157.1884787322413)]"
810,"[(248, 162.94894528732286), (809, 157.1884787322413)]"
811,"[(248, 245.45242691784182), (812, 251.79557323409082)]"
812,"[(811, 251.79557323409082), (813, 259.27726877722824)]"
813,"[(812, 259.27726877722824), (814, 267.8021741411458)]"
814,"[(813, 267.8021741411458), (815, 277.2741442963342)]"
815,"[(111, 287.59967341485253), (814, 277.2741442963342)]"
816,"[(111, 273.3568793514266), (817, 265.028138709304)]"
817,"[(816, 265.028138709304), (818, 257.19710901242405)]"
818,"[(817, 257.19710901242405), (819, 249.91058474030783)]"
819,"[(818, 249.91058474030783), (820, 243.21751748879308)]"
820,"[(189, 237.1681707285483), (819, 243.21751748879308)]"
821,"[(189, 262.47982991633506), (822, 266.2417194402752)]"
822,"[(821, 266.2417194402752), (823, 270.3493540602942)]"
823,"[(822, 270.3493540602942), (824, 274.7871697290315)]"
824,"[(823, 274.7871697290315), (825, 279.5393789709574)]"
825,"[(54, 284.59016703201945), (824, 279.5393789709574)]"
826,"[(54, 214.77271718581147), (827, 210.91593767474188)]"
827,"[(826, 210.91593767474188), (828, 207.2851176519027)]"
828,"[(827, 207.2851176519027), (829, 203.89228999593206)]"
829,"[(828, 203.89228999593206), (830, 200.7494849175925)]"
830,"[(220, 197.86858139827527), (829, 200.7494849175925)]"
831,"[(220, 322.54760053843773), (832, 323.29696742093154)]"
832,"[(831, 323.29696742093154), (833, 324.3482043925845)]"
833,"[(832, 324.3482043925845), (834, 325.69826136802686)]"
834,"[(833, 325.69826136802686), (835, 327.34331306190217)]"
835,"[(158, 329.27880933809985), (834, 327.34331306190217)]"
836,"[(158, 258.3793416636599), (837, 265.2536184804418)]"
837,"[(836, 265.2536184804418), (838, 272.97323925339896)]"
838,"[(837, 272.97323925339896), (839, 281.4686960173139)]"
839,"[(838, 281.4686960173139), (840, 290.67200011932914)]"
840,"[(39, 300.51814751628245), (839, 290.67200011932914)]"
841,"[(39, 358.21153843835975), (842, 348.1380269959649)]"
842,"[(841, 348.1380269959649), (843, 338.629071299608)]"
843,"[(842, 338.629071299608), (844, 329.7334935907247)]"
844,"[(843, 329.7334935907247), (845, 321.50219765047876)]"
845,"[(146, 313.9874263076146), (844, 321.50219765047876)]"
846,"[(146, 383.4181468000578), (847, 381.8597452465975)]"
847,"[(846, 381.8597452465975), (848, 380.6390598846665)]"
848,"[(847, 380.6390598846665), (849, 379.75916721936284)]"
849,"[(848, 379.75916721936284), (850, 379.2222602760675)]"
850,"[(23, 379.02961858527067), (849, 379.2222602760675)]"
851,"[(23, 292.78236496057775), (852, 300.44454842509)]"
852,"[(851, 300.44454842509), (853, 308.96950444403876)]"
853,"[(852, 308.96950444403876), (854, 318.2879481555406)]"
854,"[(853, 318.2879481555406), (855, 328.3323492976365)]"
855,"[(7, 339.0382060741592), (854, 328.3323492976365)]"
856,"[(180, 225.71621810046094), (857, 220.22152757628106)]"
857,"[(856, 220.22152757628106), (858, 215.02422919677016)]"
858,"[(857, 215.02422919677016), (859, 210.14641336511838)]"
859,"[(858, 210.14641336511838), (860, 205.61084015987882)]"
860,"[(113, 201.4406461943064), (859, 205.61084015987882)]"
861,"[(113, 263.56578901762174), (862, 270.08229976735214)]"
862,"[(861, 270.08229976735214), (863, 277.9728788802046)]"
863,"[(862, 277.9728788802046), (864, 287.1241749505562)]"
864,"[(863, 287.1241749505562), (865, 297.4197573128374)]"
865,"[(44, 308.7451013747537), (864, 297.4197573128374)]"
866,"[(44, 197.1844854608603), (867, 194.80989558542882)]"
867,"[(866, 194.80989558542882), (868, 192.61831558117495)]"
868,"[(867, 192.61831558117495), (869, 190.61609961912382)]"
869,"[(868, 190.61609961912382), (870, 188.80931278489098)]"
870,"[(119, 187.20365331328784), (869, 188.80931278489098)]"
871,"[(119, 413.32702154110666), (872, 422.65174539732044)]"
872,"[(871, 422.65174539732044), (873, 432.82432083279446)]"
873,"[(872, 432.82432083279446), (874, 443.7864845924018)]"
874,"[(873, 443.7864845924018), (875, 455.48128180697597)]"
875,"[(208, 467.8538400455525), (874, 455.48128180697597)]"
876,"[(208, 885.3355766192592), (877, 880.386750988796)]"
877,"[(876, 880.386750988796), (878, 876.2202727507431)]"
878,"[(877, 876.2202727507431), (879, 872.8482946245673)]"
879,"[(878, 872.8482946245673), (880, 870.28099317165)]"
880,"[(87, 868.5264368504039), (879, 870.28099317165)]"
881,"[(87, 295.556757020401), (882, 300.34903582546974)]"
882,"[(881, 300.34903582546974), (883, 305.56370875188867)]"
883,"[(882, 305.56370875188867), (884, 311.1796071581565)]"
884,"[(883, 311.1796071581565), (885, 317.1754898968656)]"
885,"[(117, 323.5303060474205), (884, 317.1754898968656)]"
886,"[(117, 388.5399067950673), (887, 374.4097094927284)]"
887,"[(886, 374.4097094927284), (888, 362.10396043046387)]"
888,"[(887, 362.10396043046387), (889, 351.81399568184275)]"
889,"[(888, 351.81399568184275), (890, 343.72072868862284)]"
890,"[(90, 337.9818175948912), (889, 343.72072868862284)]"
891,"[(90, 262.44894391841245), (892, 259.1771275470143)]"
892,"[(891, 259.1771275470143), (893, 258.18532118772816)]"
893,"[(892, 258.18532118772816), (894, 259.4996481424876)]"
894,"[(893, 259.4996481424876), (895, 263.085527437621)]"
895,"[(197, 268.852062657086), (894, 263.085527437621)]"
896,"[(197, 505.94080295249165), (897, 504.90073393450723)]"
897,"[(896, 504.90073393450723), (898, 508.2539654691992)]"
898,"[(897, 508.2539654691992), (899, 515.9150699010344)]"
899,"[(898, 515.9150699010344), (900, 527.696676037173)]"
900,"[(150, 543.331013838087), (899, 527.696676037173)]"
901,"[(150, 551.6111302140297), (902, 534.5884786034969)]"
902,"[(901, 534.5884786034969), (903, 521.2610691299035)]"
903,"[(902, 521.2610691299035), (904, 511.91786059694874)]"
904,"[(903, 511.91786059694874), (905, 506.77954089211687)]"
905,"[(68, 505.97451414311564), (904, 506.77954089211687)]"
906,"[(68, 180.06157246925855), (907, 180.54040211841718)]"
907,"[(906, 180.54040211841718), (908, 182.5484835374148)]"
908,"[(907, 182.5484835374148), (909, 186.03633925212313)]"
909,"[(908, 186.03633925212313), (910, 190.9229218265816)]"
910,"[(198, 197.10426045242755), (909, 190.9229218265816)]"
911,"[(198, 283.1838804283638), (912, 274.02181585788145)]"
912,"[(911, 274.02181585788145), (913, 266.65390768040317)]"
913,"[(912, 266.65390768040317), (914, 261.23208705261374)]"
914,"[(913, 261.23208705261374), (915, 257.8792108688224)]"
915,"[(10, 256.676452074252), (914, 257.8792108688224)]"
916,"[(10, 173.25948995908126), (917, 175.39275809376124)]"
917,"[(916, 175.39275809376124), (918, 178.85087425537938)]"
918,"[(917, 178.85087425537938), (919, 183.5590196171702)]"
919,"[(918, 183.5590196171702), (920, 189.4240491477465)]"
920,"[(165, 196.34235476701784), (919, 189.4240491477465)]"
921,"[(165, 397.36660534630056), (922, 389.02002290188676)]"
922,"[(921, 389.02002290188676), (923, 383.91989066201705)]"
923,"[(922, 383.91989066201705), (924, 382.19623504440494)]"
924,"[(923, 382.19623504440494), (925, 383.89457880685393)]"
925,"[(93, 388.9701399656813), (924, 383.89457880685393)]"
926,"[(93, 337.5497515427572), (927, 346.5330811302725)]"
927,"[(926, 346.5330811302725), (928, 356.86032312123507)]"
928,"[(927, 356.86032312123507), (929, 368.41858106895876)]"
929,"[(928, 368.41858106895876), (930, 381.0959514407038)]"
930,"[(17, 394.78471048081815), (929, 381.0959514407038)]"
931,"[(17, 316.169127702982), (932, 304.5416381351428)]"
932,"[(931, 304.5416381351428), (933, 294.30911128791234)]"
933,"[(932, 294.30911128791234), (934, 285.6216175165456)]"
934,"[(933, 285.6216175165456), (935, 278.62383014610646)]"
935,"[(259, 273.445625479248), (934, 278.62383014610646)]"
936,"[(259, 180.87414991487984), (937, 179.59692657181785)]"
937,"[(936, 179.59692657181785), (938, 179.90918713030143)]"
938,"[(937, 179.90918713030143), (939, 181.80276201572724)]"
939,"[(938, 181.80276201572724), (940, 185.2291806874639)]"
940,"[(195, 190.10559750586393), (939, 185.2291806874639)]"
941,"[(195, 348.504482889433), (942, 337.61970684168324)]"
942,"[(941, 337.61970684168324), (943, 329.0475044753619)]"
943,"[(942, 329.0475044753619), (944, 322.97217628302457)]"
944,"[(943, 322.97217628302457), (945, 319.53628592786146)]"
945,"[(154, 318.82529380107724), (944, 319.53628592786146)]"
946,"[(154, 332.49925402990914), (947, 325.9358776927528)]"
947,"[(946, 325.9358776927528), (948, 322.1259447115327)]"
948,"[(947, 322.1259447115327), (949, 321.16744165974063)]"
949,"[(948, 321.16744165974063), (950, 323.08572904200264)]"
950,"[(62, 327.8302920586861), (949, 323.08572904200264)]"
951,"[(62, 248.02475247332225), (952, 238.876403947853)]"
952,"[(951, 238.876403947853), (953, 230.78986200096608)]"
953,"[(952, 230.78986200096608), (954, 223.88027735398734)]"
954,"[(953, 223.88027735398734), (955, 218.25952678710192)]"
955,"[(155, 214.02924878048725), (954, 218.25952678710192)]"
956,"[(155, 272.6135679841186), (957, 271.65589107414087)]"
957,"[(956, 271.65589107414087), (958, 270.93958767305764)]"
958,"[(957, 270.93958767305764), (959, 270.46648408474255)]"
959,"[(958, 270.46648408474255), (960, 270.23776654340594)]"
960,"[(258, 270.2539649324749), (959, 270.23776654340594)]"
961,"[(13, 334.0574411584128), (962, 339.67573468887423)]"
962,"[(961, 339.67573468887423), (963, 345.79283184893586)]"
963,"[(962, 345.79283184893586), (964, 352.38267816144486)]"
964,"[(963, 352.38267816144486), (965, 359.4191862842967)]"
965,"[(179, 366.8765658494368), (964, 359.4191862842967)]"
966,"[(179, 457.04190059102336), (967, 441.563447545107)]"
967,"[(966, 441.563447545107), (968, 428.7419912651515)]"
968,"[(967, 428.7419912651515), (969, 418.821836833996)]"
969,"[(968, 418.821836833996), (970, 412.0128307535608)]"
970,"[(182, 408.4708215240324), (969, 412.0128307535608)]"
971,"[(182, 224.55057706314702), (972, 227.17788537005748)]"
972,"[(971, 227.17788537005748), (973, 231.52614354920618)]"
973,"[(972, 231.52614354920618), (974, 237.50091884874575)]"
974,"[(973, 237.50091884874575), (975, 244.98330273636023)]"
975,"[(134, 253.84007499662115), (974, 244.98330273636023)]"
976,"[(134, 238.39126236690547), (977, 229.75311028343114)]"
977,"[(976, 229.75311028343114), (978, 221.88219475244412)]"
978,"[(977, 221.88219475244412), (979, 214.86289433644944)]"
979,"[(978, 214.86289433644944), (980, 208.78117206185786)]"
980,"[(28, 203.72107021664172), (979, 208.78117206185786)]"
981,"[(28, 219.53994498482422), (982, 217.8715187815195)]"
982,"[(981, 217.8715187815195), (983, 218.11889657456993)]"
983,"[(982, 218.11889657456993), (984, 220.2756522151505)]"
984,"[(983, 220.2756522151505), (985, 224.28673791370147)]"
985,"[(203, 230.05520820979928), (984, 224.28673791370147)]"
986,"[(203, 360.15092098219293), (987, 346.96429572107854)]"
987,"[(986, 346.96429572107854), (988, 335.350956482868)]"
988,"[(987, 335.350956482868), (989, 325.4794904552529)]"
989,"[(988, 325.4794904552529), (990, 317.5125498105216)]"
990,"[(49, 311.5964102256468), (989, 317.5125498105216)]"
991,"[(49, 363.57502297320076), (992, 369.7638681912153)]"
992,"[(991, 369.7638681912153), (993, 378.4697197078361)]"
993,"[(992, 378.4697197078361), (994, 389.524047137133)]"
994,"[(993, 389.524047137133), (995, 402.73369618111906)]"
995,"[(138, 417.89449722854084), (994, 402.73369618111906)]"
996,"[(138, 551.5134799677388), (997, 531.5771602303971)]"
997,"[(996, 531.5771602303971), (998, 513.3640763411294)]"
998,"[(997, 513.3640763411294), (999, 497.06392155674547)]"
999,"[(998, 497.06392155674547), (1000, 482.87071860863074)]"
1000,"[(114, 470.9752799400716), (999, 482.87071860863074)]"
1001,"[(114, 205.54447146282138), (1002, 210.60794698118158)]"
1002,"[(1001, 210.60794698118158), (1003, 216.72299872492817)]"
1003,"[(1002, 216.72299872492817), (1004, 223.8034990463653)]"
1004,"[(1003, 223.8034990463653), (1005, 231.76102680912217)]"
1005,"[(181, 240.50858767102437), (1004, 231.76102680912217)]"
1006,"[(181, 279.6443175610076), (1007, 269.4989663021992)]"
1007,"[(1006, 269.4989663021992), (1008, 260.2466370333781)]"
1008,"[(1007, 260.2466370333781), (1009, 251.9857796018767)]"
1009,"[(1008, 251.9857796018767), (1010, 244.81684929778552)]"
1010,"[(101, 238.83826811135407), (1009, 244.81684929778552)]"
1011,"[(101, 416.73142880929345), (1012, 403.9079375826249)]"
1012,"[(1011, 403.9079375826249), (1013, 391.86229562497977)]"
1013,"[(1012, 391.86229562497977), (1014, 380.6683629646549)]"
1014,"[(1013, 380.6683629646549), (1015, 370.40339173460416)]"
1015,"[(112, 361.14664375366846), (1014, 370.40339173460416)]"
1016,"[(112, 336.69456914404674), (1017, 324.434457349208)]"
1017,"[(1016, 324.434457349208), (1018, 313.26919406989595)]"
1018,"[(1017, 313.26919406989595), (1019, 303.31979980853936)]"
1019,"[(1018, 303.31979980853936), (1020, 294.70954580814384)]"
1020,"[(151, 287.5588622184293), (1019, 294.70954580814384)]"
1021,"[(151, 304.04979747410135), (1022, 311.99031208520245)]"
1022,"[(1021, 311.99031208520245), (1023, 321.27751333251143)]"
1023,"[(1022, 321.27751333251143), (1024, 331.7984348583217)]"
1024,"[(1023, 331.7984348583217), (1025, 343.43979973986035)]"
1025,"[(52, 356.0918103434235), (1024, 343.43979973986035)]"
1026,"[(163, 197.86622485149877), (1027, 195.35580663179107)]"
1027,"[(1026, 195.35580663179107), (1028, 193.03064236168797)]"
1028,"[(1027, 193.03064236168797), (1029, 190.89754260859422)]"
1029,"[(1028, 190.89754260859422), (1030, 188.96305193415944)]"
1030,"[(211, 187.23336548525947), (1029, 188.96305193415944)]"
1031,"[(211, 448.0088417214339), (1032, 445.32208307039906)]"
1032,"[(1031, 445.32208307039906), (1033, 443.0303348540562)]"
1033,"[(1032, 443.0303348540562), (1034, 441.13999522187873)]"
1034,"[(1033, 441.13999522187873), (1035, 439.6564814753621)]"
1035,"[(227, 438.58415905812046), (1034, 439.6564814753621)]"
1036,"[(227, 155.70094564709441), (1037, 156.11777023879938)]"
1037,"[(1036, 156.11777023879938), (1038, 156.6808852947847)]"
1038,"[(1037, 156.6808852947847), (1039, 157.38875012692372)]"
1039,"[(1038, 157.38875012692372), (1040, 158.23945195255416)]"
1040,"[(204, 159.2307314224684), (1039, 158.23945195255416)]"
1041,"[(204, 327.1687063968823), (1042, 332.63568286319116)]"
1042,"[(1041, 332.63568286319116), (1043, 340.4145711686966)]"
1043,"[(1042, 340.4145711686966), (1044, 350.35124893223707)]"
1044,"[(1043, 350.35124893223707), (1045, 362.26805131037867)]"
1045,"[(257, 375.9766033085052), (1044, 362.26805131037867)]"
1046,"[(257, 453.4357227900286), (1047, 436.8421524678181)]"
1047,"[(1046, 436.8421524678181), (1048, 421.76777705200584)]"
1048,"[(1047, 421.76777705200584), (1049, 408.38069054849876)]"
1049,"[(1048, 408.38069054849876), (1050, 396.8514907856058)]"
1050,"[(143, 387.345899676884), (1049, 396.8514907856058)]"
1051,"[(143, 372.0088464488213), (1052, 381.8447732595746)]"
1052,"[(1051, 381.8447732595746), (1053, 393.27933128359894)]"
1053,"[(1052, 393.27933128359894), (1054, 406.1773907649656)]"
1054,"[(1053, 406.1773907649656), (1055, 420.40414998857807)]"
1055,"[(166, 435.82940540072474), (1054, 420.40414998857807)]"
1056,"[(166, 313.89573421646526), (1057, 304.93224006282435)]"
1057,"[(1056, 304.93224006282435), (1058, 298.2159409517939)]"
1058,"[(1057, 298.2159409517939), (1059, 293.90086405560294)]"
1059,"[(1058, 293.90086405560294), (1060, 292.0933728677571)]"
1060,"[(18, 292.839827600963), (1059, 292.0933728677571)]"
1061,"[(18, 207.09093120366833), (1062, 212.52429478082075)]"
1062,"[(1061, 212.52429478082075), (1063, 218.87241603607748)]"
1063,"[(1062, 218.87241603607748), (1064, 226.0581987985002)]"
1064,"[(1063, 226.0581987985002), (1065, 234.00444774741186)]"
1065,"[(230, 242.63642519595751), (1064, 234.00444774741186)]"
1066,"[(230, 217.59496143303167), (1067, 210.48821042321393)]"
1067,"[(1066, 210.48821042321393), (1068, 204.74109850520634)]"
1068,"[(1067, 204.74109850520634), (1069, 200.47054809259785)]"
1069,"[(1068, 200.47054809259785), (1070, 197.7721854332847)]"
1070,"[(16, 196.71067054999025), (1069, 197.7721854332847)]"
1071,"[(16, 323.0458236551369), (1072, 313.81812794458244)]"
1072,"[(1071, 313.81812794458244), (1073, 306.90528644680404)]"
1073,"[(1072, 306.90528644680404), (1074, 302.4661360553574)]"
1074,"[(1073, 302.4661360553574), (1075, 300.610364046666)]"
1075,"[(178, 301.3857757179871), (1074, 300.610364046666)]"
1076,"[(178, 221.00720870158918), (1077, 213.47795798072872)]"
1077,"[(1076, 213.47795798072872), (1078, 207.2349607815748)]"
1078,"[(1077, 207.2349607815748), (1079, 202.39722551900795)]"
1079,"[(1078, 202.39722551900795), (1080, 199.06717724868227)]"
1080,"[(88, 197.32110782358282), (1079, 199.06717724868227)]"
1081,"[(88, 116.34220976440353), (1082, 119.45282914767817)]"
1082,"[(1081, 119.45282914767817), (1083, 122.99105890859792)]"
1083,"[(1082, 122.99105890859792), (1084, 126.9211318849797)]"
1084,"[(1083, 126.9211318849797), (1085, 131.207833577025)]"
1085,"[(72, 135.8173932160712), (1084, 131.207833577025)]"
1086,"[(72, 371.0066849209796), (1087, 358.92711666371224)]"
1087,"[(1086, 358.92711666371224), (1088, 347.63633587344043)]"
1088,"[(1087, 347.63633587344043), (1089, 337.213548719025)]"
1089,"[(1088, 337.213548719025), (1090, 327.7415298631762)]"
1090,"[(213, 319.3048428232338), (1089, 327.7415298631762)]"
1091,"[(213, 195.5894580575624), (1092, 200.70713126288499)]"
1092,"[(1091, 200.70713126288499), (1093, 206.69015532164696)]"
1093,"[(1092, 206.69015532164696), (1094, 213.465740023671)]"
1094,"[(1093, 213.465740023671), (1095, 220.96095235933157)]"
1095,"[(172, 229.1051443567281), (1094, 220.96095235933157)]"
1096,"[(172, 272.81739562301203), (1097, 263.035687506345)]"
1097,"[(1096, 263.035687506345), (1098, 254.62647507244205)]"
1098,"[(1097, 254.62647507244205), (1099, 247.7294854825541)]"
1099,"[(1098, 247.7294854825541), (1100, 242.47370943582825)]"
1100,"[(42, 238.96737013187516), (1099, 242.47370943582825)]"
1101,"[(42, 527.0303639340794), (1102, 536.7392149776864)]"
1102,"[(1101, 536.7392149776864), (1103, 549.9931333548345)]"
1103,"[(1102, 549.9931333548345), (1104, 566.5429532219365)]"
1104,"[(1103, 566.5429532219365), (1105, 586.1091593144348)]"
1105,"[(216, 608.4004455174339), (1104, 586.1091593144348)]"
1106,"[(216, 378.71653636926914), (1107, 369.0294734353823)]"
1107,"[(1106, 369.0294734353823), (1108, 362.2188801497255)]"
1108,"[(1107, 362.2188801497255), (1109, 358.44867395933534)]"
1109,"[(1108, 358.44867395933534), (1110, 357.81489376400333)]"
1110,"[(89, 360.3340080231163), (1109, 357.81489376400333)]"
1111,"[(89, 391.11306062381067), (1112, 376.7016308223219)]"
1112,"[(1111, 376.7016308223219), (1113, 363.8938769150033)]"
1113,"[(1112, 363.8938769150033), (1114, 352.86462041983606)]"
1114,"[(1113, 352.86462041983606), (1115, 343.7852440059826)]"
1115,"[(188, 336.81365169924476), (1114, 343.7852440059826)]"
1116,"[(188, 271.34321181480414), (1117, 265.24555943342017)]"
1117,"[(1116, 265.24555943342017), (1118, 261.314886124994)]"
1118,"[(1117, 261.314886124994), (1119, 259.6495980681538)]"
1119,"[(1118, 259.6495980681538), (1120, 260.29315275053716)]"
1120,"[(47, 263.22859035370396), (1119, 260.29315275053716)]"
1121,"[(47, 419.6016866945431), (1122, 428.37265110574566)]"
1122,"[(1121, 428.37265110574566), (1123, 439.7506076534765)]"
1123,"[(1122, 439.7506076534765), (1124, 453.5391357525774)]"
1124,"[(1123, 453.5391357525774), (1125, 469.5256737832862)]"
1125,"[(97, 487.49381413469445), (1124, 469.5256737832862)]"
1126,"[(97, 302.7200897826524), (1127, 299.62020237514383)]"
1127,"[(1126, 299.62020237514383), (1128, 296.79679223494134)]"
1128,"[(1127, 296.79679223494134), (1129, 294.2579208762047)]"
1129,"[(1128, 294.2579208762047), (1130, 292.01111115048576)]"
1130,"[(59, 290.06324896067355), (1129, 292.01111115048576)]"
1131,"[(59, 205.94341208492807), (1132, 206.82046263223097)]"
1132,"[(1131, 206.82046263223097), (1133, 207.89806379592787)]"
1133,"[(1132, 207.89806379592787), (1134, 209.17316687804882)]"
1134,"[(1133, 209.17316687804882), (1135, 210.6422366627449)]"
1135,"[(80, 212.30129856657314), (1134, 210.6422366627449)]"
1136,"[(70, 345.47932021712813), (1137, 332.9180410288647)]"
1137,"[(1136, 332.9180410288647), (1138, 321.9841383776291)]"
1138,"[(1137, 321.9841383776291), (1139, 312.848158325717)]"
1139,"[(1138, 312.848158325717), (1140, 305.67121622219696)]"
1140,"[(153, 300.5935205755982), (1139, 305.67121622219696)]"
1141,"[(153, 203.5756602782032), (1142, 206.9579514970076)]"
1142,"[(1141, 206.9579514970076), (1143, 211.77311341011588)]"
1143,"[(1142, 211.77311341011588), (1144, 217.9261249967897)]"
1144,"[(1143, 217.9261249967897), (1145, 225.30734744004832)]"
1145,"[(141, 233.80043016156873), (1144, 225.30734744004832)]"
1146,"[(141, 165.1254379522963), (1147, 161.66454590122513)]"
1147,"[(1146, 161.66454590122513), (1148, 159.54909943520795)]"
1148,"[(1147, 159.54909943520795), (1149, 158.83285950097408)]"
1149,"[(1148, 158.83285950097408), (1150, 159.534665776771)]"
1150,"[(55, 161.63604148479018), (1149, 159.534665776771)]"
1151,"[(55, 161.51359977210046), (1152, 156.31845300132892)]"
1152,"[(1151, 156.31845300132892), (1153, 152.15213335580918)]"
1153,"[(1152, 152.15213335580918), (1154, 149.10093615348495)]"
1154,"[(1153, 149.10093615348495), (1155, 147.23423103634)]"
1155,"[(149, 146.5972999239091), (1154, 147.23423103634)]"
1156,"[(149, 218.64566327552), (1157, 224.47490369994486)]"
1157,"[(1156, 224.47490369994486), (1158, 231.09778090059302)]"
1158,"[(1157, 231.09778090059302), (1159, 238.44820946061157)]"
1159,"[(1158, 238.44820946061157), (1160, 246.46113185232693)]"
1160,"[(212, 255.07414433230855), (1159, 246.46113185232693)]"
1161,"[(212, 306.93459001290216), (1162, 301.1929547975212)]"
1162,"[(1161, 301.1929547975212), (1163, 295.782257331603)]"
1163,"[(1162, 295.782257331603), (1164, 290.72089994614106)]"
1164,"[(1163, 290.72089994614106), (1165, 286.0273566215544)]"
1165,"[(94, 281.7199442494362), (1164, 286.0273566215544)]"
1166,"[(94, 342.033926916358), (1167, 338.3229217829909)]"
1167,"[(1166, 338.3229217829909), (1168, 334.92492553986784)]"
1168,"[(1167, 334.92492553986784), (1169, 331.849424086443)]"
1169,"[(1168, 331.849424086443), (1170, 329.10533191505914)]"
1170,"[(77, 326.7008761046327), (1169, 329.10533191505914)]"
1171,"[(77, 250.27422492598234), (1172, 251.8185021958233)]"
1172,"[(1171, 251.8185021958233), (1173, 255.4318388733516)]"
1173,"[(1172, 255.4318388733516), (1174, 261.0284041461735)]"
1174,"[(1173, 261.0284041461735), (1175, 268.48428031792446)]"
1175,"[(175, 277.6497914720406), (1174, 268.48428031792446)]"
1176,"[(175, 310.9179055018303), (1177, 305.4642247178188)]"
1177,"[(1176, 305.4642247178188), (1178, 302.6404726584971)]"
1178,"[(1177, 302.6404726584971), (1179, 302.52030445457854)]"
1179,"[(1178, 302.52030445457854), (1180, 305.106916773329)]"
1180,"[(135, 310.33263638476836), (1179, 305.106916773329)]"
1181,"[(135, 217.0411937255534), (1182, 210.13635832856036)]"
1182,"[(1181, 210.13635832856036), (1183, 204.63756461123776)]"
1183,"[(1182, 204.63756461123776), (1184, 200.66039297836758)]"
1184,"[(1183, 200.66039297836758), (1185, 198.2963750418244)]"
1185,"[(21, 197.60336911336825), (1184, 198.2963750418244)]"
1186,"[(21, 278.847102742343), (1187, 282.72003266485603)]"
1187,"[(1186, 282.72003266485603), (1188, 286.95274865306874)]"
1188,"[(1187, 286.95274865306874), (1189, 291.5296487961729)]"
1189,"[(1188, 291.5296487961729), (1190, 296.4348633877175)]"
1190,"[(82, 301.6524520537322), (1189, 296.4348633877175)]"
1191,"[(82, 352.16663532769354), (1192, 343.82247044362805)]"
1192,"[(1191, 343.82247044362805), (1193, 335.9328585968671)]"
1193,"[(1192, 335.9328585968671), (1194, 328.53061326738947)]"
1194,"[(1193, 328.53061326738947), (1195, 321.6494406430414)]"
1195,"[(70, 315.3235049188182), (1194, 321.6494406430414)]"
1196,"[(168, 318.64154882408104), (1197, 307.39707942357006)]"
1197,"[(1196, 307.39707942357006), (1198, 297.80503641195816)]"
1198,"[(1197, 297.80503641195816), (1199, 290.02952596322024)]"
1199,"[(1198, 290.02952596322024), (1200, 284.2197897088817)]"
1200,"[(133, 280.498122241039), (1199, 284.2197897088817)]"
1201,"[(133, 167.5873003417092), (1202, 171.807096994078)]"
1202,"[(1201, 171.807096994078), (1203, 176.48449884740464)]"
1203,"[(1202, 176.48449884740464), (1204, 181.58415395485596)]"
1204,"[(1203, 181.58415395485596), (1205, 187.0715369044286)]"
1205,"[(144, 192.913565110293), (1204, 187.0715369044286)]"
1206,"[(144, 458.8203150525584), (1207, 443.13971013534945)]"
1207,"[(1206, 443.13971013534945), (1208, 428.5971503590889)]"
1208,"[(1207, 428.5971503590889), (1209, 415.3123013136921)]"
1209,"[(1208, 415.3123013136921), (1210, 403.4095554082393)]"
1210,"[(171, 393.0146456932461), (1209, 403.4095554082393)]"
1211,"[(171, 365.49489760235275), (1212, 374.8109381117132)]"
1212,"[(1211, 374.8109381117132), (1213, 385.8232986142486)]"
1213,"[(1212, 385.8232986142486), (1214, 398.391484786158)]"
1214,"[(1213, 398.391484786158), (1215, 412.37340003704685)]"
1215,"[(239, 427.6305120829512), (1214, 412.37340003704685)]"
1216,"[(239, 395.1451693496733), (1217, 403.75234717144986)]"
1217,"[(1216, 403.75234717144986), (1218, 413.1485313668734)]"
1218,"[(1217, 413.1485313668734), (1219, 423.28113808144184)]"
1219,"[(1218, 423.28113808144184), (1220, 434.09854674681924)]"
1220,"[(191, 445.55081440240065), (1219, 434.09854674681924)]"
1221,"[(191, 301.7141627633363), (1222, 291.11389702842877)]"
1222,"[(1221, 291.11389702842877), (1223, 281.33933088568693)]"
1223,"[(1222, 281.33933088568693), (1224, 272.47939375614925)]"
1224,"[(1223, 272.47939375614925), (1225, 264.6260329607236)]"
1225,"[(187, 257.87130165656487), (1224, 264.6260329607236)]"
1226,"[(187, 375.54566628375943), (1227, 383.4223339910437)]"
1227,"[(1226, 383.4223339910437), (1228, 393.6029324297487)]"
1228,"[(1227, 393.6029324297487), (1229, 405.9143513489445)]"
1229,"[(1228, 405.9143513489445), (1230, 420.16951428569206)]"
1230,"[(223, 436.17805766215247), (1229, 420.16951428569206)]"
1231,"[(223, 367.29307326773284), (1232, 359.51690920620814)]"
1232,"[(1231, 359.51690920620814), (1233, 352.17187514264907)]"
1233,"[(1232, 352.17187514264907), (1234, 345.28539530169587)]"
1234,"[(1233, 345.28539530169587), (1235, 338.88534216046986)]"
1235,"[(262, 332.9996871413934), (1234, 338.88534216046986)]"
1236,"[(262, 320.11370047218935), (1237, 328.3726364285997)]"
1237,"[(1236, 328.3726364285997), (1238, 338.0871228221505)]"
1238,"[(1237, 338.0871228221505), (1239, 349.1357936330128)]"
1239,"[(1238, 349.1357936330128), (1240, 361.39640168312405)]"
1240,"[(173, 374.7500999804744), (1239, 361.39640168312405)]"
1241,"[(173, 441.97486945441494), (1242, 426.081487869177)]"
1242,"[(1241, 426.081487869177), (1243, 411.5264169951668)]"
1243,"[(1242, 411.5264169951668), (1244, 398.45648587473363)]"
1244,"[(1243, 398.45648587473363), (1245, 387.022346012776)]"
1245,"[(236, 377.37289618329), (1244, 387.022346012776)]"
1246,"[(236, 396.0326322155542), (1247, 406.5474184053653)]"
1247,"[(1246, 406.5474184053653), (1248, 418.59933017426107)]"
1248,"[(1247, 418.59933017426107), (1249, 432.0598887108031)]"
1249,"[(1248, 432.0598887108031), (1250, 446.8019119329156)]"
1250,"[(45, 462.7030247985422), (1249, 446.8019119329156)]"
1251,"[(45, 254.42838256422), (1252, 250.8181208875828)]"
1252,"[(1251, 250.8181208875828), (1253, 247.45399990258682)]"
1253,"[(1252, 247.45399990258682), (1254, 244.346121538997)]"
1254,"[(1253, 244.346121538997), (1255, 241.50431587788725)]"
1255,"[(205, 238.938016108354), (1254, 241.50431587788725)]"
1256,"[(205, 160.39526793716593), (1257, 161.60991018126512)]"
1257,"[(1256, 161.60991018126512), (1258, 164.12835879211423)]"
1258,"[(1257, 164.12835879211423), (1259, 167.8919848527492)]"
1259,"[(1258, 167.8919848527492), (1260, 172.81948779149283)]"
1260,"[(243, 178.81470649881578), (1259, 172.81948779149283)]"
1261,"[(243, 253.86738025429622), (1262, 244.7230268461991)]"
1262,"[(1261, 244.7230268461991), (1263, 236.34860214338363)]"
1263,"[(1262, 236.34860214338363), (1264, 228.82869984582487)]"
1264,"[(1263, 228.82869984582487), (1265, 222.25012914155002)]"
1265,"[(152, 216.6986976159126), (1264, 222.25012914155002)]"
1266,"[(152, 192.23029982766028), (1267, 196.9045272828336)]"
1267,"[(1266, 196.9045272828336), (1268, 202.0429052458532)]"
1268,"[(1267, 202.0429052458532), (1269, 207.6109748374083)]"
1269,"[(1268, 207.6109748374083), (1270, 213.57512944062915)]"
1270,"[(86, 219.90313846505862), (1269, 213.57512944062915)]"
1271,"[(86, 137.51283835556802), (1272, 133.34568918947184)]"
1272,"[(1271, 133.34568918947184), (1273, 129.42730646326186)]"
1273,"[(1272, 129.42730646326186), (1274, 125.78094171501257)]"
1274,"[(1273, 125.78094171501257), (1275, 122.43090379020832)]"
1275,"[(24, 119.40214068053503), (1274, 122.43090379020832)]"
1276,"[(24, 130.04739338082186), (1277, 133.27943085132057)]"
1277,"[(1276, 133.27943085132057), (1278, 136.84217867436215)]"
1278,"[(1277, 136.84217867436215), (1279, 140.71052079205361)]"
1279,"[(1278, 140.71052079205361), (1280, 144.85997795447093)]"
1280,"[(147, 149.26710683133788), (1279, 144.85997795447093)]"
1281,"[(147, 124.95184920437701), (1282, 120.98706572635355)]"
1282,"[(1281, 120.98706572635355), (1283, 117.83391668945151)]"
1283,"[(1282, 117.83391668945151), (1284, 115.55887474848132)]"
1284,"[(1283, 115.55887474848132), (1285, 114.21444016293687)]"
1285,"[(102, 113.83360600890906), (1284, 114.21444016293687)]"
1286,"[(102, 153.39529304201358), (1287, 157.16766581020588)]"
1287,"[(1286, 157.16766581020588), (1288, 161.7355963479009)]"
1288,"[(1287, 161.7355963479009), (1289, 167.0338584410451)]"
1289,"[(1288, 167.0338584410451), (1290, 172.9953894640061)]"
1290,"[(252, 179.55416043902002), (1289, 172.9953894640061)]"
1291,"[(252, 130.60794473700258), (1292, 125.87105549339414)]"
1292,"[(1291, 125.87105549339414), (1293, 121.76560309584337)]"
1293,"[(1292, 121.76560309584337), (1294, 118.35733210713171)]"
1294,"[(1293, 118.35733210713171), (1295, 115.70788680381797)]"
1295,"[(84, 113.87026764579323), (1294, 115.70788680381797)]"
1296,"[(84, 131.17511268750573), (1297, 134.6140790268272)]"
1297,"[(1296, 134.6140790268272), (1298, 138.45384223926544)]"
1298,"[(1297, 138.45384223926544), (1299, 142.6620510992887)]"
1299,"[(1298, 142.6620510992887), (1300, 147.20711635188906)]"
1300,"[(76, 152.0588386896001), (1299, 147.20711635188906)]"
1301,"[(76, 159.47481349618315), (1302, 153.58112321175196)]"
1302,"[(1301, 153.58112321175196), (1303, 148.3141507653653)]"
1303,"[(1302, 148.3141507653653), (1304, 143.74282960257574)]"
1304,"[(1303, 143.74282960257574), (1305, 139.93537888705816)]"
1305,"[(83, 136.9555511110576), (1304, 139.93537888705816)]"
1306,"[(83, 195.46116274323526), (1307, 200.6769717354989)]"
1307,"[(1306, 200.6769717354989), (1308, 206.66252478505206)]"
1308,"[(1307, 206.66252478505206), (1309, 213.35308014067166)]"
1309,"[(1308, 213.35308014067166), (1310, 220.6845542072646)]"
1310,"[(201, 228.59531271381985), (1309, 220.6845542072646)]"
1311,"[(201, 418.9212586347602), (1312, 405.0871291668994)]"
1312,"[(1311, 405.0871291668994), (1313, 393.8428882841006)]"
1313,"[(1312, 393.8428882841006), (1314, 385.4154524070687)]"
1314,"[(1313, 385.4154524070687), (1315, 379.9924619888211)]"
1315,"[(170, 377.70353807996753), (1314, 379.9924619888211)]"
1316,"[(170, 326.48322606513966), (1317, 329.62550538541024)]"
1317,"[(1316, 329.62550538541024), (1318, 335.36807303869466)]"
1318,"[(1317, 335.36807303869466), (1319, 343.5807180434714)]"
1319,"[(1318, 343.5807180434714), (1320, 354.0917511656397)]"
1320,"[(249, 366.7037157530754), (1319, 354.0917511656397)]"
1321,"[(249, 217.6247940715502), (1322, 222.9199535512518)]"
1322,"[(1321, 222.9199535512518), (1323, 228.7366408568606)]"
1323,"[(1322, 228.7366408568606), (1324, 235.0361401755296)]"
1324,"[(1323, 235.0361401755296), (1325, 241.78071290901815)]"
1325,"[(33, 248.93417810190658), (1324, 241.78071290901815)]"
1326,"[(34, 166.00075170579754), (1327, 167.56499533521773)]"
1327,"[(1326, 167.56499533521773), (1328, 170.43566190242578)]"
1328,"[(1327, 170.43566190242578), (1329, 174.54834352469643)]"
1329,"[(1328, 174.54834352469643), (1330, 179.8178760079998)]"
1330,"[(232, 186.14607202241035), (1329, 179.8178760079998)]"
1331,"[(232, 157.52139259169343), (1332, 151.95153362212466)]"
1332,"[(1331, 151.95153362212466), (1333, 147.1902479469203)]"
1333,"[(1332, 147.1902479469203), (1334, 143.3181717591889)]"
1334,"[(1333, 143.3181717591889), (1335, 140.40891823568322)]"
1335,"[(31, 138.5231937941591), (1334, 140.40891823568322)]"
1336,"[(31, 126.7699424696448), (1337, 127.62217751158188)]"
1337,"[(1336, 127.62217751158188), (1338, 129.50402183109745)]"
1338,"[(1337, 129.50402183109745), (1339, 132.37159123905644)]"
1339,"[(1338, 132.37159123905644), (1340, 136.16264160697284)]"
1340,"[(234, 140.8026179886524), (1339, 136.16264160697284)]"
1341,"[(234, 486.11147353549507), (1342, 471.52308019114514)]"
1342,"[(1341, 471.52308019114514), (1343, 457.80950806992445)]"
1343,"[(1342, 457.80950806992445), (1344, 445.0516342359154)]"
1344,"[(1343, 445.0516342359154), (1345, 433.3338975073964)]"
1345,"[(235, 422.742839132905), (1344, 433.3338975073964)]"
1346,"[(235, 243.138509077715), (1347, 242.83138961542645)]"
1347,"[(1346, 242.83138961542645), (1348, 242.744988753641)]"
1348,"[(1347, 242.744988753641), (1349, 242.8794685853085)]"
1349,"[(1348, 242.8794685853085), (1350, 243.23438927279904)]"
1350,"[(98, 243.80871469973044), (1349, 243.23438927279904)]"
1351,"[(98, 376.4186976151653), (1352, 386.0512212442013)]"
1352,"[(1351, 386.0512212442013), (1353, 396.7708475239789)]"
1353,"[(1352, 396.7708475239789), (1354, 408.4920500313038)]"
1354,"[(1353, 408.4920500313038), (1355, 421.13123977215406)]"
1355,"[(25, 434.6083517379257), (1354, 421.13123977215406)]"
1356,"[(238, 419.12694258108917), (1357, 419.6489473449317)]"
1357,"[(1356, 419.6489473449317), (1358, 420.55434588742673)]"
1358,"[(1357, 420.55434588742673), (1359, 421.840885494716)]"
1359,"[(1358, 421.840885494716), (1360, 423.50530969789526)]"
1360,"[(100, 425.54340244057244), (1359, 423.50530969789526)]"
1361,"[(100, 351.84938448397514), (1362, 351.7583246339465)]"
1362,"[(1361, 351.7583246339465), (1363, 351.983951645984)]"
1363,"[(1362, 351.983951645984), (1364, 352.52581050369696)]"
1364,"[(1363, 352.52581050369696), (1365, 353.38259991657645)]"
1365,"[(265, 354.55219034448726), (1364, 353.38259991657645)]"
1366,"[(265, 252.53764055993358), (1367, 250.94070222054762)]"
1367,"[(1366, 250.94070222054762), (1368, 249.56620046709665)]"
1368,"[(1367, 249.56620046709665), (1369, 248.41790406982633)]"
1369,"[(1368, 248.41790406982633), (1370, 247.499037307788)]"
1370,"[(194, 246.8122375687778), (1369, 247.499037307788)]"
1371,"[(194, 225.8173873821546), (1372, 231.87916025005057)]"
1372,"[(1371, 231.87916025005057), (1373, 238.72075495043876)]"
1373,"[(1372, 238.72075495043876), (1374, 246.27715629748252)]"
1374,"[(1373, 246.27715629748252), (1375, 254.48467099152566)]"
1375,"[(38, 263.28239173793327), (1374, 254.48467099152566)]"
1376,"[(38, 247.32344325356902), (1377, 239.09957901317713)]"
1377,"[(1376, 239.09957901317713), (1378, 231.4251820060412)]"
1378,"[(1377, 231.4251820060412), (1379, 224.35662520712768)]"
1379,"[(1378, 224.35662520712768), (1380, 217.95283641411558)]"
1380,"[(139, 212.27395645237235), (1379, 217.95283641411558)]"
1381,"[(139, 203.5374392975637), (1382, 203.5274307593663)]"
1382,"[(1381, 203.5274307593663), (1383, 203.70156355202073)]"
1383,"[(1382, 203.70156355202073), (1384, 204.0594174991025)]"
1384,"[(1383, 204.0594174991025), (1385, 204.6000799555175)]"
1385,"[(159, 205.32215823662605), (1384, 204.6000799555175)]"
1386,"[(159, 289.6644370824813), (1387, 280.7183165064897)]"
1387,"[(1386, 280.7183165064897), (1388, 272.3141406860599)]"
1388,"[(1387, 272.3141406860599), (1389, 264.50356711985165)]"
1389,"[(1388, 264.50356711985165), (1390, 257.340638207457)]"
1390,"[(242, 250.88081301958346), (1389, 257.340638207457)]"
1391,"[(242, 217.1571868678163), (1392, 222.94582865644384)]"
1392,"[(1391, 222.94582865644384), (1393, 229.63065118911126)]"
1393,"[(1392, 229.63065118911126), (1394, 237.1358323240883)]"
1394,"[(1393, 237.1358323240883), (1395, 245.38607252371892)]"
1395,"[(35, 254.30883608603932), (1394, 245.38607252371892)]"
1396,"[(35, 382.44476810409435), (1397, 373.0373377471712)]"
1397,"[(1396, 373.0373377471712), (1398, 364.1414004296305)]"
1398,"[(1397, 364.1414004296305), (1399, 355.79539116254244)]"
1399,"[(1398, 355.79539116254244), (1400, 348.03893167109453)]"
1400,"[(106, 340.91231278609405), (1399, 348.03893167109453)]"
1401,"[(106, 258.58138510270777), (1402, 257.3791935803976)]"
1402,"[(1401, 257.3791935803976), (1403, 256.4054158837633)]"
1403,"[(1402, 256.4054158837633), (1404, 255.66274366703632)]"
1404,"[(1403, 255.66274366703632), (1405, 255.15327611086119)]"
1405,"[(57, 254.87849219482527), (1404, 255.15327611086119)]"
1406,"[(57, 251.53518650878087), (1407, 247.79579798838472)]"
1407,"[(1406, 247.79579798838472), (1408, 244.30279303585883)]"
1408,"[(1407, 244.30279303585883), (1409, 241.0669437098881)]"
1409,"[(1408, 241.0669437098881), (1410, 238.09879438575973)]"
1410,"[(224, 235.40852859000935), (1409, 238.09879438575973)]"
1411,"[(224, 203.20783665178448), (1412, 202.01369158033066)]"
1412,"[(1411, 202.01369158033066), (1413, 202.60488130914223)]"
1413,"[(1412, 202.60488130914223), (1414, 204.96592940183788)]"
1414,"[(1413, 204.96592940183788), (1415, 209.03684574616207)]"
1415,"[(206, 214.72037279337096), (1414, 209.03684574616207)]"
1416,"[(206, 293.12861009670024), (1417, 282.57406009818527)]"
1417,"[(1416, 282.57406009818527), (1418, 272.9059930906333)]"
1418,"[(1417, 272.9059930906333), (1419, 264.22167583731687)]"
1419,"[(1418, 264.22167583731687), (1420, 256.6209305437907)]"
1420,"[(253, 250.2024493262424), (1419, 256.6209305437907)]"
1421,"[(253, 299.5654019383371), (1422, 305.8301327394404)]"
1422,"[(1421, 305.8301327394404), (1423, 313.96154315277164)]"
1423,"[(1422, 313.96154315277164), (1424, 323.8189094515839)]"
1424,"[(1423, 323.8189094515839), (1425, 335.2499003079805)]"
1425,"[(186, 348.09941463826925), (1424, 335.2499003079805)]"
1426,"[(186, 269.4776130504684), (1427, 276.397474839472)]"
1427,"[(1426, 276.397474839472), (1428, 284.072149734194)]"
1428,"[(1427, 284.072149734194), (1429, 292.4421958994412)]"
1429,"[(1428, 292.4421958994412), (1430, 301.449682372181)]"
1430,"[(85, 311.0392283565484), (1429, 301.449682372181)]"
1431,"[(85, 270.9819984438299), (1432, 275.73992505259696)]"
1432,"[(1431, 275.73992505259696), (1433, 280.9120218728313)]"
1433,"[(1432, 280.9120218728313), (1434, 286.4759058399178)]"
1434,"[(1433, 286.4759058399178), (1435, 292.40926626575015)]"
1435,"[(58, 298.6901424434046), (1434, 292.40926626575015)]"
1436,"[(58, 243.36824743560192), (1437, 237.0665754461672)]"
1437,"[(1436, 237.0665754461672), (1438, 231.11204079211842)]"
1438,"[(1437, 231.11204079211842), (1439, 225.53216177255948)]"
1439,"[(1438, 225.53216177255948), (1440, 220.3554187247513)]"
1440,"[(74, 215.6108641831884), (1439, 220.3554187247513)]"
1441,"[(74, 482.8670302313803), (1442, 490.6540316907942)]"
1442,"[(1441, 490.6540316907942), (1443, 501.8730647351761)]"
1443,"[(1442, 501.8730647351761), (1444, 516.3000982929392)]"
1444,"[(1443, 516.3000982929392), (1445, 533.6747020793338)]"
1445,"[(160, 553.7191789183355), (1444, 533.6747020793338)]"
1446,"[(160, 290.0080446484023), (1447, 282.54866192496013)]"
1447,"[(1446, 282.54866192496013), (1448, 277.2845470461906)]"
1448,"[(1447, 277.2845470461906), (1449, 274.3420504717269)]"
1449,"[(1448, 274.3420504717269), (1450, 273.7959854228102)]"
1450,"[(43, 275.6605450478104), (1449, 273.7959854228102)]"
1451,"[(43, 281.7324869849397), (1452, 286.54867050460297)]"
1452,"[(1451, 286.54867050460297), (1453, 291.7868606293919)]"
1453,"[(1452, 291.7868606293919), (1454, 297.42481623561844)]"
1454,"[(1453, 297.42481623561844), (1455, 303.4403145318697)]"
1455,"[(104, 309.81142818191313), (1454, 303.4403145318697)]"
1456,"[(104, 304.7787411580688), (1457, 310.83261889591165)]"
1457,"[(1456, 310.83261889591165), (1458, 317.4173633168295)]"
1458,"[(1457, 317.4173633168295), (1459, 324.50070323357653)]"
1459,"[(1458, 324.50070323357653), (1460, 332.05078251802377)]"
1460,"[(30, 340.0365692378458), (1459, 332.05078251802377)]"
1461,"[(30, 208.08618785913927), (1462, 202.91987410231894)]"
1462,"[(1461, 202.91987410231894), (1463, 198.03713408946592)]"
1463,"[(1462, 198.03713408946592), (1464, 193.45945916375345)]"
1464,"[(1463, 193.45945916375345), (1465, 189.20900865066818)]"
1465,"[(108, 185.3083139106679), (1464, 189.20900865066818)]"
1466,"[(108, 309.39400589653906), (1467, 308.5021468457444)]"
1467,"[(1466, 308.5021468457444), (1468, 307.88698080690915)]"
1468,"[(1467, 307.88698080690915), (1469, 307.55028653573385)]"
1469,"[(1468, 307.55028653573385), (1470, 307.49309685567187)]"
1470,"[(26, 307.7156852216258), (1469, 307.49309685567187)]"
1471,"[(26, 228.42894830311008), (1472, 228.08346708208794)]"
1472,"[(1471, 228.08346708208794), (1473, 227.9441700778179)]"
1473,"[(1472, 227.9441700778179), (1474, 228.01149995896756)]"
1474,"[(1473, 228.01149995896756), (1475, 228.28533866156292)]"
1475,"[(255, 228.76500928274078), (1474, 228.28533866156292)]"
1476,"[(255, 165.2504033193013), (1477, 163.87810463514177)]"
1477,"[(1476, 163.87810463514177), (1478, 162.65467969954756)]"
1478,"[(1477, 162.65467969954756), (1479, 161.58354205199294)]"
1479,"[(1478, 161.58354205199294), (1480, 160.66776899638484)]"
1480,"[(61, 159.91006075577909), (1479, 160.66776899638484)]"
1481,"[(228, 181.7922942029436), (1482, 185.21752591972535)]"
1482,"[(1481, 185.21752591972535), (1483, 188.94386798178286)]"
1483,"[(1482, 188.94386798178286), (1484, 192.95385756063115)]"
1484,"[(1483, 192.95385756063115), (1485, 197.23017389890381)]"
1485,"[(48, 201.75586033537815), (1484, 197.23017389890381)]"
1486,"[(48, 505.0508124782171), (1487, 490.9980106272559)]"
1487,"[(1486, 490.9980106272559), (1488, 477.74028466417843)]"
1488,"[(1487, 477.74028466417843), (1489, 465.34554420330784)]"
1489,"[(1488, 465.34554420330784), (1490, 453.88446213274915)]"
1490,"[(237, 443.4294269052338), (1489, 453.88446213274915)]"
1491,"[(237, 408.5048230470132), (1492, 414.97540565434815)]"
1492,"[(1491, 414.97540565434815), (1493, 422.02690373448377)]"
1493,"[(1492, 422.02690373448377), (1494, 429.6305858456416)]"
1494,"[(1493, 429.6305858456416), (1495, 437.75754179577984)]"
1495,"[(129, 446.3790460858883), (1494, 437.75754179577984)]"
1496,"[(127, 288.6205668336747), (1497, 279.07357916351793)]"
1497,"[(1496, 279.07357916351793), (1498, 271.2892403811917)]"
1498,"[(1497, 271.2892403811917), (1499, 265.42259748496446)]"
1499,"[(1498, 265.42259748496446), (1500, 261.6026126985225)]"
1500,"[(207, 259.91944989126455), (1499, 261.6026126985225)]"
1501,"[(207, 326.70873076635763), (1502, 331.0480263195374)]"
1502,"[(1501, 331.0480263195374), (1503, 337.84475484793205)]"
1503,"[(1502, 337.84475484793205), (1504, 346.95436940762266)]"
1504,"[(1503, 346.95436940762266), (1505, 358.20030614072857)]"
1505,"[(140, 371.3884112055268), (1504, 358.20030614072857)]"
1506,"[(140, 496.46368515963553), (1507, 478.3515635854777)]"
1507,"[(1506, 478.3515635854777), (1508, 462.5011408195412)]"
1508,"[(1507, 462.5011408195412), (1509, 449.1516616303434)]"
1509,"[(1508, 449.1516616303434), (1510, 438.5312998325004)]"
1510,"[(261, 430.84162352760643), (1509, 438.5312998325004)]"
1511,"[(261, 350.27981594642944), (1512, 346.4475323864848)]"
1512,"[(1511, 346.4475323864848), (1513, 345.6699482946838)]"
1513,"[(1512, 345.6699482946838), (1514, 347.96749473808745)]"
1514,"[(1513, 347.96749473808745), (1515, 353.2801327675699)]"
1515,"[(79, 361.47490177774006), (1514, 353.2801327675699)]"
1516,"[(79, 316.2621946807655), (1517, 318.7090419302457)]"
1517,"[(1516, 318.7090419302457), (1518, 323.71831573490874)]"
1518,"[(1517, 323.71831573490874), (1519, 331.1738917852874)]"
1519,"[(1518, 331.1738917852874), (1520, 340.9154357963098)]"
1520,"[(233, 352.7537299450523), (1519, 340.9154357963098)]"
1521,"[(233, 222.75634376319883), (1522, 220.8481877100777)]"
1522,"[(1521, 220.8481877100777), (1523, 220.89093938277432)]"
1523,"[(1522, 220.89093938277432), (1524, 222.8834496648128)]"
1524,"[(1523, 222.8834496648128), (1525, 226.77430499984166)]"
1525,"[(103, 232.46818130553345), (1524, 226.77430499984166)]"
1526,"[(103, 325.3984354703877), (1527, 314.8456602162775)]"
1527,"[(1526, 314.8456602162775), (1528, 306.3338982206056)]"
1528,"[(1527, 306.3338982206056), (1529, 300.0368014725567)]"
1529,"[(1528, 300.0368014725567), (1530, 296.0955952607354)]"
1530,"[(125, 294.6047356982022), (1529, 296.0955952607354)]"
