node_index,neighbors_indices
0,"[1, 280, 281]"
1,"[0, 380, 381]"
2,"[515, 516]"
3,"[600, 601]"
4,"[10, 24, 27, 676]"
5,"[650, 651]"
6,[560]
7,[855]
8,"[310, 311]"
9,"[740, 741]"
10,"[4, 27, 915, 916]"
11,"[680, 681]"
12,"[475, 476]"
13,[961]
14,"[670, 671]"
15,"[710, 711]"
16,"[82, 1070, 1071]"
17,"[930, 931]"
18,"[1060, 1061]"
19,"[450, 451]"
20,"[21, 485, 486]"
21,"[20, 1185, 1186]"
22,"[580, 581]"
23,"[850, 851]"
24,"[4, 27, 1275, 1276]"
25,"[136, 1355]"
26,"[1470, 1471]"
27,"[4, 10, 24, 800, 801]"
28,"[980, 981]"
29,"[660, 661]"
30,"[1460, 1461]"
31,"[1335, 1336]"
32,"[235, 736]"
33,[1325]
34,[1326]
35,"[1395, 1396]"
36,"[655, 656]"
37,"[345, 346]"
38,"[1375, 1376]"
39,"[840, 841]"
40,"[460, 461]"
41,"[465, 466]"
42,"[1100, 1101]"
43,"[1450, 1451]"
44,"[865, 866]"
45,"[1250, 1251]"
46,"[63, 330, 331]"
47,"[1120, 1121]"
48,"[1485, 1486]"
49,"[990, 991]"
50,"[305, 306]"
51,"[52, 730, 731]"
52,"[51, 1025]"
53,"[157, 480, 481]"
54,"[825, 826]"
55,"[196, 1150, 1151]"
56,"[550, 551]"
57,"[1405, 1406]"
58,"[1435, 1436]"
59,"[1130, 1131]"
60,"[335, 336]"
61,"[81, 1480]"
62,"[950, 951]"
63,"[46, 585, 586]"
64,"[535, 536]"
65,"[193, 340, 341]"
66,"[67, 530, 531]"
67,"[66, 350, 351]"
68,"[69, 70, 905, 906]"
69,"[68, 70, 690, 691, 726]"
70,"[68, 69, 1136, 1195]"
71,"[72, 625, 626]"
72,"[71, 1085, 1086]"
73,"[355, 356]"
74,"[1440, 1441]"
75,"[525, 526]"
76,"[77, 1300, 1301]"
77,"[76, 1170, 1171]"
78,"[575, 576]"
79,"[1515, 1516]"
80,[1135]
81,"[61, 555, 556]"
82,"[16, 1190, 1191]"
83,"[1305, 1306]"
84,"[1295, 1296]"
85,"[172, 1430, 1431]"
86,"[1270, 1271]"
87,"[880, 881]"
88,"[102, 1080, 1081]"
89,"[1110, 1111]"
90,"[91, 92, 890, 891]"
91,"[90, 92, 725]"
92,"[90, 91, 301, 445]"
93,"[94, 253, 925, 926]"
94,"[93, 253, 1165, 1166]"
95,"[700, 701]"
96,"[605, 606]"
97,"[1125, 1126]"
98,"[1350, 1351]"
99,"[385, 386]"
100,"[1360, 1361]"
101,"[1010, 1011]"
102,"[88, 1285, 1286]"
103,"[1525, 1526]"
104,"[1455, 1456]"
105,"[212, 213, 270, 271]"
106,"[1400, 1401]"
107,"[405, 406]"
108,"[1465, 1466]"
109,"[490, 491]"
110,[675]
111,"[135, 815, 816]"
112,"[1015, 1016]"
113,"[860, 861]"
114,"[115, 1000, 1001]"
115,"[114, 315, 316]"
116,"[435, 436]"
117,"[885, 886]"
118,[735]
119,"[870, 871]"
120,"[780, 781]"
121,"[360, 361]"
122,"[775, 776]"
123,"[430, 431]"
124,"[770, 771]"
125,[1530]
126,"[127, 375, 376]"
127,"[126, 1496]"
128,"[129, 325, 326]"
129,"[128, 1495]"
130,"[295, 296]"
131,[300]
132,"[221, 222, 505, 506]"
133,"[1200, 1201]"
134,"[975, 976]"
135,"[111, 1180, 1181]"
136,"[25, 561]"
137,"[590, 591]"
138,"[995, 996]"
139,"[1380, 1381]"
140,"[1505, 1506]"
141,"[142, 1145, 1146]"
142,"[141, 615, 616]"
143,"[1050, 1051]"
144,"[1205, 1206]"
145,"[545, 546]"
146,"[845, 846]"
147,"[215, 1280, 1281]"
148,"[149, 510, 511]"
149,"[148, 1155, 1156]"
150,"[151, 900, 901]"
151,"[150, 1020, 1021]"
152,"[153, 1265, 1266]"
153,"[152, 1140, 1141]"
154,"[945, 946]"
155,"[955, 956]"
156,"[290, 291]"
157,"[53, 415, 416]"
158,"[159, 835, 836]"
159,"[158, 1385, 1386]"
160,"[161, 1445, 1446]"
161,"[160, 365, 366]"
162,"[720, 721]"
163,[1026]
164,"[186, 275, 276]"
165,"[215, 920, 921]"
166,"[245, 1055, 1056]"
167,"[795, 796]"
168,[1196]
169,"[750, 751]"
170,"[1315, 1316]"
171,"[1210, 1211]"
172,"[85, 1095, 1096]"
173,"[174, 1240, 1241]"
174,"[173, 320, 321]"
175,"[176, 1175, 1176]"
176,"[175, 640, 641]"
177,"[595, 596]"
178,"[214, 251, 1075, 1076]"
179,"[965, 966]"
180,[856]
181,"[1005, 1006]"
182,"[970, 971]"
183,"[455, 456]"
184,"[185, 645, 646]"
185,"[184, 400, 401]"
186,"[164, 1425, 1426]"
187,"[1225, 1226]"
188,"[1115, 1116]"
189,"[190, 820, 821]"
190,"[189, 410, 411]"
191,"[1220, 1221]"
192,"[665, 666]"
193,"[65, 765, 766]"
194,"[1370, 1371]"
195,"[940, 941]"
196,"[55, 790, 791]"
197,"[895, 896]"
198,"[199, 910, 911]"
199,"[198, 685, 686]"
200,"[470, 471]"
201,"[1310, 1311]"
202,"[395, 396]"
203,"[985, 986]"
204,"[1040, 1041]"
205,"[1255, 1256]"
206,"[226, 252, 1415, 1416]"
207,"[1500, 1501]"
208,"[875, 876]"
209,"[695, 696]"
210,"[635, 636]"
211,"[1030, 1031]"
212,"[105, 213, 1160, 1161]"
213,"[105, 212, 1090, 1091]"
214,"[178, 251, 495, 496]"
215,"[147, 165, 500, 501]"
216,"[217, 1105, 1106]"
217,"[216, 370, 371]"
218,"[440, 441]"
219,"[520, 521]"
220,"[830, 831]"
221,"[132, 222, 620, 621]"
222,"[132, 221, 266]"
223,"[1230, 1231]"
224,"[248, 1410, 1411]"
225,"[785, 786]"
226,"[206, 252, 630, 631]"
227,"[1035, 1036]"
228,[1481]
229,"[570, 571]"
230,"[1065, 1066]"
231,"[745, 746]"
232,"[1330, 1331]"
233,"[1520, 1521]"
234,"[1340, 1341]"
235,"[32, 1345, 1346]"
236,"[1245, 1246]"
237,"[1490, 1491]"
238,[1356]
239,"[1215, 1216]"
240,"[705, 706]"
241,"[715, 716]"
242,"[1390, 1391]"
243,"[1260, 1261]"
244,[446]
245,"[166, 425, 426]"
246,"[420, 421]"
247,"[540, 541]"
248,"[224, 810, 811]"
249,"[1320, 1321]"
250,"[760, 761]"
251,"[178, 214, 805, 806]"
252,"[206, 226, 1290, 1291]"
253,"[93, 94, 1420, 1421]"
254,"[610, 611]"
255,"[1475, 1476]"
256,"[285, 286]"
257,"[1045, 1046]"
258,[960]
259,"[260, 935, 936]"
260,"[259, 390, 391]"
261,"[1510, 1511]"
262,"[1235, 1236]"
263,"[755, 756]"
264,"[565, 566]"
265,"[1365, 1366]"
266,"[222, 267]"
267,"[266, 268]"
268,"[267, 269]"
269,"[268, 270]"
270,"[105, 269]"
271,"[105, 272]"
272,"[271, 273]"
273,"[272, 274]"
274,"[273, 275]"
275,"[164, 274]"
276,"[164, 277]"
277,"[276, 278]"
278,"[277, 279]"
279,"[278, 280]"
280,"[0, 279]"
281,"[0, 282]"
282,"[281, 283]"
283,"[282, 284]"
284,"[283, 285]"
285,"[256, 284]"
286,"[256, 287]"
287,"[286, 288]"
288,"[287, 289]"
289,"[288, 290]"
290,"[156, 289]"
291,"[156, 292]"
292,"[291, 293]"
293,"[292, 294]"
294,"[293, 295]"
295,"[130, 294]"
296,"[130, 297]"
297,"[296, 298]"
298,"[297, 299]"
299,"[298, 300]"
300,"[131, 299]"
301,"[92, 302]"
302,"[301, 303]"
303,"[302, 304]"
304,"[303, 305]"
305,"[50, 304]"
306,"[50, 307]"
307,"[306, 308]"
308,"[307, 309]"
309,"[308, 310]"
310,"[8, 309]"
311,"[8, 312]"
312,"[311, 313]"
313,"[312, 314]"
314,"[313, 315]"
315,"[115, 314]"
316,"[115, 317]"
317,"[316, 318]"
318,"[317, 319]"
319,"[318, 320]"
320,"[174, 319]"
321,"[174, 322]"
322,"[321, 323]"
323,"[322, 324]"
324,"[323, 325]"
325,"[128, 324]"
326,"[128, 327]"
327,"[326, 328]"
328,"[327, 329]"
329,"[328, 330]"
330,"[46, 329]"
331,"[46, 332]"
332,"[331, 333]"
333,"[332, 334]"
334,"[333, 335]"
335,"[60, 334]"
336,"[60, 337]"
337,"[336, 338]"
338,"[337, 339]"
339,"[338, 340]"
340,"[65, 339]"
341,"[65, 342]"
342,"[341, 343]"
343,"[342, 344]"
344,"[343, 345]"
345,"[37, 344]"
346,"[37, 347]"
347,"[346, 348]"
348,"[347, 349]"
349,"[348, 350]"
350,"[67, 349]"
351,"[67, 352]"
352,"[351, 353]"
353,"[352, 354]"
354,"[353, 355]"
355,"[73, 354]"
356,"[73, 357]"
357,"[356, 358]"
358,"[357, 359]"
359,"[358, 360]"
360,"[121, 359]"
361,"[121, 362]"
362,"[361, 363]"
363,"[362, 364]"
364,"[363, 365]"
365,"[161, 364]"
366,"[161, 367]"
367,"[366, 368]"
368,"[367, 369]"
369,"[368, 370]"
370,"[217, 369]"
371,"[217, 372]"
372,"[371, 373]"
373,"[372, 374]"
374,"[373, 375]"
375,"[126, 374]"
376,"[126, 377]"
377,"[376, 378]"
378,"[377, 379]"
379,"[378, 380]"
380,"[1, 379]"
381,"[1, 382]"
382,"[381, 383]"
383,"[382, 384]"
384,"[383, 385]"
385,"[99, 384]"
386,"[99, 387]"
387,"[386, 388]"
388,"[387, 389]"
389,"[388, 390]"
390,"[260, 389]"
391,"[260, 392]"
392,"[391, 393]"
393,"[392, 394]"
394,"[393, 395]"
395,"[202, 394]"
396,"[202, 397]"
397,"[396, 398]"
398,"[397, 399]"
399,"[398, 400]"
400,"[185, 399]"
401,"[185, 402]"
402,"[401, 403]"
403,"[402, 404]"
404,"[403, 405]"
405,"[107, 404]"
406,"[107, 407]"
407,"[406, 408]"
408,"[407, 409]"
409,"[408, 410]"
410,"[190, 409]"
411,"[190, 412]"
412,"[411, 413]"
413,"[412, 414]"
414,"[413, 415]"
415,"[157, 414]"
416,"[157, 417]"
417,"[416, 418]"
418,"[417, 419]"
419,"[418, 420]"
420,"[246, 419]"
421,"[246, 422]"
422,"[421, 423]"
423,"[422, 424]"
424,"[423, 425]"
425,"[245, 424]"
426,"[245, 427]"
427,"[426, 428]"
428,"[427, 429]"
429,"[428, 430]"
430,"[123, 429]"
431,"[123, 432]"
432,"[431, 433]"
433,"[432, 434]"
434,"[433, 435]"
435,"[116, 434]"
436,"[116, 437]"
437,"[436, 438]"
438,"[437, 439]"
439,"[438, 440]"
440,"[218, 439]"
441,"[218, 442]"
442,"[441, 443]"
443,"[442, 444]"
444,"[443, 445]"
445,"[92, 444]"
446,"[244, 447]"
447,"[446, 448]"
448,"[447, 449]"
449,"[448, 450]"
450,"[19, 449]"
451,"[19, 452]"
452,"[451, 453]"
453,"[452, 454]"
454,"[453, 455]"
455,"[183, 454]"
456,"[183, 457]"
457,"[456, 458]"
458,"[457, 459]"
459,"[458, 460]"
460,"[40, 459]"
461,"[40, 462]"
462,"[461, 463]"
463,"[462, 464]"
464,"[463, 465]"
465,"[41, 464]"
466,"[41, 467]"
467,"[466, 468]"
468,"[467, 469]"
469,"[468, 470]"
470,"[200, 469]"
471,"[200, 472]"
472,"[471, 473]"
473,"[472, 474]"
474,"[473, 475]"
475,"[12, 474]"
476,"[12, 477]"
477,"[476, 478]"
478,"[477, 479]"
479,"[478, 480]"
480,"[53, 479]"
481,"[53, 482]"
482,"[481, 483]"
483,"[482, 484]"
484,"[483, 485]"
485,"[20, 484]"
486,"[20, 487]"
487,"[486, 488]"
488,"[487, 489]"
489,"[488, 490]"
490,"[109, 489]"
491,"[109, 492]"
492,"[491, 493]"
493,"[492, 494]"
494,"[493, 495]"
495,"[214, 494]"
496,"[214, 497]"
497,"[496, 498]"
498,"[497, 499]"
499,"[498, 500]"
500,"[215, 499]"
501,"[215, 502]"
502,"[501, 503]"
503,"[502, 504]"
504,"[503, 505]"
505,"[132, 504]"
506,"[132, 507]"
507,"[506, 508]"
508,"[507, 509]"
509,"[508, 510]"
510,"[148, 509]"
511,"[148, 512]"
512,"[511, 513]"
513,"[512, 514]"
514,"[513, 515]"
515,"[2, 514]"
516,"[2, 517]"
517,"[516, 518]"
518,"[517, 519]"
519,"[518, 520]"
520,"[219, 519]"
521,"[219, 522]"
522,"[521, 523]"
523,"[522, 524]"
524,"[523, 525]"
525,"[75, 524]"
526,"[75, 527]"
527,"[526, 528]"
528,"[527, 529]"
529,"[528, 530]"
530,"[66, 529]"
531,"[66, 532]"
532,"[531, 533]"
533,"[532, 534]"
534,"[533, 535]"
535,"[64, 534]"
536,"[64, 537]"
537,"[536, 538]"
538,"[537, 539]"
539,"[538, 540]"
540,"[247, 539]"
541,"[247, 542]"
542,"[541, 543]"
543,"[542, 544]"
544,"[543, 545]"
545,"[145, 544]"
546,"[145, 547]"
547,"[546, 548]"
548,"[547, 549]"
549,"[548, 550]"
550,"[56, 549]"
551,"[56, 552]"
552,"[551, 553]"
553,"[552, 554]"
554,"[553, 555]"
555,"[81, 554]"
556,"[81, 557]"
557,"[556, 558]"
558,"[557, 559]"
559,"[558, 560]"
560,"[6, 559]"
561,"[136, 562]"
562,"[561, 563]"
563,"[562, 564]"
564,"[563, 565]"
565,"[264, 564]"
566,"[264, 567]"
567,"[566, 568]"
568,"[567, 569]"
569,"[568, 570]"
570,"[229, 569]"
571,"[229, 572]"
572,"[571, 573]"
573,"[572, 574]"
574,"[573, 575]"
575,"[78, 574]"
576,"[78, 577]"
577,"[576, 578]"
578,"[577, 579]"
579,"[578, 580]"
580,"[22, 579]"
581,"[22, 582]"
582,"[581, 583]"
583,"[582, 584]"
584,"[583, 585]"
585,"[63, 584]"
586,"[63, 587]"
587,"[586, 588]"
588,"[587, 589]"
589,"[588, 590]"
590,"[137, 589]"
591,"[137, 592]"
592,"[591, 593]"
593,"[592, 594]"
594,"[593, 595]"
595,"[177, 594]"
596,"[177, 597]"
597,"[596, 598]"
598,"[597, 599]"
599,"[598, 600]"
600,"[3, 599]"
601,"[3, 602]"
602,"[601, 603]"
603,"[602, 604]"
604,"[603, 605]"
605,"[96, 604]"
606,"[96, 607]"
607,"[606, 608]"
608,"[607, 609]"
609,"[608, 610]"
610,"[254, 609]"
611,"[254, 612]"
612,"[611, 613]"
613,"[612, 614]"
614,"[613, 615]"
615,"[142, 614]"
616,"[142, 617]"
617,"[616, 618]"
618,"[617, 619]"
619,"[618, 620]"
620,"[221, 619]"
621,"[221, 622]"
622,"[621, 623]"
623,"[622, 624]"
624,"[623, 625]"
625,"[71, 624]"
626,"[71, 627]"
627,"[626, 628]"
628,"[627, 629]"
629,"[628, 630]"
630,"[226, 629]"
631,"[226, 632]"
632,"[631, 633]"
633,"[632, 634]"
634,"[633, 635]"
635,"[210, 634]"
636,"[210, 637]"
637,"[636, 638]"
638,"[637, 639]"
639,"[638, 640]"
640,"[176, 639]"
641,"[176, 642]"
642,"[641, 643]"
643,"[642, 644]"
644,"[643, 645]"
645,"[184, 644]"
646,"[184, 647]"
647,"[646, 648]"
648,"[647, 649]"
649,"[648, 650]"
650,"[5, 649]"
651,"[5, 652]"
652,"[651, 653]"
653,"[652, 654]"
654,"[653, 655]"
655,"[36, 654]"
656,"[36, 657]"
657,"[656, 658]"
658,"[657, 659]"
659,"[658, 660]"
660,"[29, 659]"
661,"[29, 662]"
662,"[661, 663]"
663,"[662, 664]"
664,"[663, 665]"
665,"[192, 664]"
666,"[192, 667]"
667,"[666, 668]"
668,"[667, 669]"
669,"[668, 670]"
670,"[14, 669]"
671,"[14, 672]"
672,"[671, 673]"
673,"[672, 674]"
674,"[673, 675]"
675,"[110, 674]"
676,"[4, 677]"
677,"[676, 678]"
678,"[677, 679]"
679,"[678, 680]"
680,"[11, 679]"
681,"[11, 682]"
682,"[681, 683]"
683,"[682, 684]"
684,"[683, 685]"
685,"[199, 684]"
686,"[199, 687]"
687,"[686, 688]"
688,"[687, 689]"
689,"[688, 690]"
690,"[69, 689]"
691,"[69, 692]"
692,"[691, 693]"
693,"[692, 694]"
694,"[693, 695]"
695,"[209, 694]"
696,"[209, 697]"
697,"[696, 698]"
698,"[697, 699]"
699,"[698, 700]"
700,"[95, 699]"
701,"[95, 702]"
702,"[701, 703]"
703,"[702, 704]"
704,"[703, 705]"
705,"[240, 704]"
706,"[240, 707]"
707,"[706, 708]"
708,"[707, 709]"
709,"[708, 710]"
710,"[15, 709]"
711,"[15, 712]"
712,"[711, 713]"
713,"[712, 714]"
714,"[713, 715]"
715,"[241, 714]"
716,"[241, 717]"
717,"[716, 718]"
718,"[717, 719]"
719,"[718, 720]"
720,"[162, 719]"
721,"[162, 722]"
722,"[721, 723]"
723,"[722, 724]"
724,"[723, 725]"
725,"[91, 724]"
726,"[69, 727]"
727,"[726, 728]"
728,"[727, 729]"
729,"[728, 730]"
730,"[51, 729]"
731,"[51, 732]"
732,"[731, 733]"
733,"[732, 734]"
734,"[733, 735]"
735,"[118, 734]"
736,"[32, 737]"
737,"[736, 738]"
738,"[737, 739]"
739,"[738, 740]"
740,"[9, 739]"
741,"[9, 742]"
742,"[741, 743]"
743,"[742, 744]"
744,"[743, 745]"
745,"[231, 744]"
746,"[231, 747]"
747,"[746, 748]"
748,"[747, 749]"
749,"[748, 750]"
750,"[169, 749]"
751,"[169, 752]"
752,"[751, 753]"
753,"[752, 754]"
754,"[753, 755]"
755,"[263, 754]"
756,"[263, 757]"
757,"[756, 758]"
758,"[757, 759]"
759,"[758, 760]"
760,"[250, 759]"
761,"[250, 762]"
762,"[761, 763]"
763,"[762, 764]"
764,"[763, 765]"
765,"[193, 764]"
766,"[193, 767]"
767,"[766, 768]"
768,"[767, 769]"
769,"[768, 770]"
770,"[124, 769]"
771,"[124, 772]"
772,"[771, 773]"
773,"[772, 774]"
774,"[773, 775]"
775,"[122, 774]"
776,"[122, 777]"
777,"[776, 778]"
778,"[777, 779]"
779,"[778, 780]"
780,"[120, 779]"
781,"[120, 782]"
782,"[781, 783]"
783,"[782, 784]"
784,"[783, 785]"
785,"[225, 784]"
786,"[225, 787]"
787,"[786, 788]"
788,"[787, 789]"
789,"[788, 790]"
790,"[196, 789]"
791,"[196, 792]"
792,"[791, 793]"
793,"[792, 794]"
794,"[793, 795]"
795,"[167, 794]"
796,"[167, 797]"
797,"[796, 798]"
798,"[797, 799]"
799,"[798, 800]"
800,"[27, 799]"
801,"[27, 802]"
802,"[801, 803]"
803,"[802, 804]"
804,"[803, 805]"
805,"[251, 804]"
806,"[251, 807]"
807,"[806, 808]"
808,"[807, 809]"
809,"[808, 810]"
810,"[248, 809]"
811,"[248, 812]"
812,"[811, 813]"
813,"[812, 814]"
814,"[813, 815]"
815,"[111, 814]"
816,"[111, 817]"
817,"[816, 818]"
818,"[817, 819]"
819,"[818, 820]"
820,"[189, 819]"
821,"[189, 822]"
822,"[821, 823]"
823,"[822, 824]"
824,"[823, 825]"
825,"[54, 824]"
826,"[54, 827]"
827,"[826, 828]"
828,"[827, 829]"
829,"[828, 830]"
830,"[220, 829]"
831,"[220, 832]"
832,"[831, 833]"
833,"[832, 834]"
834,"[833, 835]"
835,"[158, 834]"
836,"[158, 837]"
837,"[836, 838]"
838,"[837, 839]"
839,"[838, 840]"
840,"[39, 839]"
841,"[39, 842]"
842,"[841, 843]"
843,"[842, 844]"
844,"[843, 845]"
845,"[146, 844]"
846,"[146, 847]"
847,"[846, 848]"
848,"[847, 849]"
849,"[848, 850]"
850,"[23, 849]"
851,"[23, 852]"
852,"[851, 853]"
853,"[852, 854]"
854,"[853, 855]"
855,"[7, 854]"
856,"[180, 857]"
857,"[856, 858]"
858,"[857, 859]"
859,"[858, 860]"
860,"[113, 859]"
861,"[113, 862]"
862,"[861, 863]"
863,"[862, 864]"
864,"[863, 865]"
865,"[44, 864]"
866,"[44, 867]"
867,"[866, 868]"
868,"[867, 869]"
869,"[868, 870]"
870,"[119, 869]"
871,"[119, 872]"
872,"[871, 873]"
873,"[872, 874]"
874,"[873, 875]"
875,"[208, 874]"
876,"[208, 877]"
877,"[876, 878]"
878,"[877, 879]"
879,"[878, 880]"
880,"[87, 879]"
881,"[87, 882]"
882,"[881, 883]"
883,"[882, 884]"
884,"[883, 885]"
885,"[117, 884]"
886,"[117, 887]"
887,"[886, 888]"
888,"[887, 889]"
889,"[888, 890]"
890,"[90, 889]"
891,"[90, 892]"
892,"[891, 893]"
893,"[892, 894]"
894,"[893, 895]"
895,"[197, 894]"
896,"[197, 897]"
897,"[896, 898]"
898,"[897, 899]"
899,"[898, 900]"
900,"[150, 899]"
901,"[150, 902]"
902,"[901, 903]"
903,"[902, 904]"
904,"[903, 905]"
905,"[68, 904]"
906,"[68, 907]"
907,"[906, 908]"
908,"[907, 909]"
909,"[908, 910]"
910,"[198, 909]"
911,"[198, 912]"
912,"[911, 913]"
913,"[912, 914]"
914,"[913, 915]"
915,"[10, 914]"
916,"[10, 917]"
917,"[916, 918]"
918,"[917, 919]"
919,"[918, 920]"
920,"[165, 919]"
921,"[165, 922]"
922,"[921, 923]"
923,"[922, 924]"
924,"[923, 925]"
925,"[93, 924]"
926,"[93, 927]"
927,"[926, 928]"
928,"[927, 929]"
929,"[928, 930]"
930,"[17, 929]"
931,"[17, 932]"
932,"[931, 933]"
933,"[932, 934]"
934,"[933, 935]"
935,"[259, 934]"
936,"[259, 937]"
937,"[936, 938]"
938,"[937, 939]"
939,"[938, 940]"
940,"[195, 939]"
941,"[195, 942]"
942,"[941, 943]"
943,"[942, 944]"
944,"[943, 945]"
945,"[154, 944]"
946,"[154, 947]"
947,"[946, 948]"
948,"[947, 949]"
949,"[948, 950]"
950,"[62, 949]"
951,"[62, 952]"
952,"[951, 953]"
953,"[952, 954]"
954,"[953, 955]"
955,"[155, 954]"
956,"[155, 957]"
957,"[956, 958]"
958,"[957, 959]"
959,"[958, 960]"
960,"[258, 959]"
961,"[13, 962]"
962,"[961, 963]"
963,"[962, 964]"
964,"[963, 965]"
965,"[179, 964]"
966,"[179, 967]"
967,"[966, 968]"
968,"[967, 969]"
969,"[968, 970]"
970,"[182, 969]"
971,"[182, 972]"
972,"[971, 973]"
973,"[972, 974]"
974,"[973, 975]"
975,"[134, 974]"
976,"[134, 977]"
977,"[976, 978]"
978,"[977, 979]"
979,"[978, 980]"
980,"[28, 979]"
981,"[28, 982]"
982,"[981, 983]"
983,"[982, 984]"
984,"[983, 985]"
985,"[203, 984]"
986,"[203, 987]"
987,"[986, 988]"
988,"[987, 989]"
989,"[988, 990]"
990,"[49, 989]"
991,"[49, 992]"
992,"[991, 993]"
993,"[992, 994]"
994,"[993, 995]"
995,"[138, 994]"
996,"[138, 997]"
997,"[996, 998]"
998,"[997, 999]"
999,"[998, 1000]"
1000,"[114, 999]"
1001,"[114, 1002]"
1002,"[1001, 1003]"
1003,"[1002, 1004]"
1004,"[1003, 1005]"
1005,"[181, 1004]"
1006,"[181, 1007]"
1007,"[1006, 1008]"
1008,"[1007, 1009]"
1009,"[1008, 1010]"
1010,"[101, 1009]"
1011,"[101, 1012]"
1012,"[1011, 1013]"
1013,"[1012, 1014]"
1014,"[1013, 1015]"
1015,"[112, 1014]"
1016,"[112, 1017]"
1017,"[1016, 1018]"
1018,"[1017, 1019]"
1019,"[1018, 1020]"
1020,"[151, 1019]"
1021,"[151, 1022]"
1022,"[1021, 1023]"
1023,"[1022, 1024]"
1024,"[1023, 1025]"
1025,"[52, 1024]"
1026,"[163, 1027]"
1027,"[1026, 1028]"
1028,"[1027, 1029]"
1029,"[1028, 1030]"
1030,"[211, 1029]"
1031,"[211, 1032]"
1032,"[1031, 1033]"
1033,"[1032, 1034]"
1034,"[1033, 1035]"
1035,"[227, 1034]"
1036,"[227, 1037]"
1037,"[1036, 1038]"
1038,"[1037, 1039]"
1039,"[1038, 1040]"
1040,"[204, 1039]"
1041,"[204, 1042]"
1042,"[1041, 1043]"
1043,"[1042, 1044]"
1044,"[1043, 1045]"
1045,"[257, 1044]"
1046,"[257, 1047]"
1047,"[1046, 1048]"
1048,"[1047, 1049]"
1049,"[1048, 1050]"
1050,"[143, 1049]"
1051,"[143, 1052]"
1052,"[1051, 1053]"
1053,"[1052, 1054]"
1054,"[1053, 1055]"
1055,"[166, 1054]"
1056,"[166, 1057]"
1057,"[1056, 1058]"
1058,"[1057, 1059]"
1059,"[1058, 1060]"
1060,"[18, 1059]"
1061,"[18, 1062]"
1062,"[1061, 1063]"
1063,"[1062, 1064]"
1064,"[1063, 1065]"
1065,"[230, 1064]"
1066,"[230, 1067]"
1067,"[1066, 1068]"
1068,"[1067, 1069]"
1069,"[1068, 1070]"
1070,"[16, 1069]"
1071,"[16, 1072]"
1072,"[1071, 1073]"
1073,"[1072, 1074]"
1074,"[1073, 1075]"
1075,"[178, 1074]"
1076,"[178, 1077]"
1077,"[1076, 1078]"
1078,"[1077, 1079]"
1079,"[1078, 1080]"
1080,"[88, 1079]"
1081,"[88, 1082]"
1082,"[1081, 1083]"
1083,"[1082, 1084]"
1084,"[1083, 1085]"
1085,"[72, 1084]"
1086,"[72, 1087]"
1087,"[1086, 1088]"
1088,"[1087, 1089]"
1089,"[1088, 1090]"
1090,"[213, 1089]"
1091,"[213, 1092]"
1092,"[1091, 1093]"
1093,"[1092, 1094]"
1094,"[1093, 1095]"
1095,"[172, 1094]"
1096,"[172, 1097]"
1097,"[1096, 1098]"
1098,"[1097, 1099]"
1099,"[1098, 1100]"
1100,"[42, 1099]"
1101,"[42, 1102]"
1102,"[1101, 1103]"
1103,"[1102, 1104]"
1104,"[1103, 1105]"
1105,"[216, 1104]"
1106,"[216, 1107]"
1107,"[1106, 1108]"
1108,"[1107, 1109]"
1109,"[1108, 1110]"
1110,"[89, 1109]"
1111,"[89, 1112]"
1112,"[1111, 1113]"
1113,"[1112, 1114]"
1114,"[1113, 1115]"
1115,"[188, 1114]"
1116,"[188, 1117]"
1117,"[1116, 1118]"
1118,"[1117, 1119]"
1119,"[1118, 1120]"
1120,"[47, 1119]"
1121,"[47, 1122]"
1122,"[1121, 1123]"
1123,"[1122, 1124]"
1124,"[1123, 1125]"
1125,"[97, 1124]"
1126,"[97, 1127]"
1127,"[1126, 1128]"
1128,"[1127, 1129]"
1129,"[1128, 1130]"
1130,"[59, 1129]"
1131,"[59, 1132]"
1132,"[1131, 1133]"
1133,"[1132, 1134]"
1134,"[1133, 1135]"
1135,"[80, 1134]"
1136,"[70, 1137]"
1137,"[1136, 1138]"
1138,"[1137, 1139]"
1139,"[1138, 1140]"
1140,"[153, 1139]"
1141,"[153, 1142]"
1142,"[1141, 1143]"
1143,"[1142, 1144]"
1144,"[1143, 1145]"
1145,"[141, 1144]"
1146,"[141, 1147]"
1147,"[1146, 1148]"
1148,"[1147, 1149]"
1149,"[1148, 1150]"
1150,"[55, 1149]"
1151,"[55, 1152]"
1152,"[1151, 1153]"
1153,"[1152, 1154]"
1154,"[1153, 1155]"
1155,"[149, 1154]"
1156,"[149, 1157]"
1157,"[1156, 1158]"
1158,"[1157, 1159]"
1159,"[1158, 1160]"
1160,"[212, 1159]"
1161,"[212, 1162]"
1162,"[1161, 1163]"
1163,"[1162, 1164]"
1164,"[1163, 1165]"
1165,"[94, 1164]"
1166,"[94, 1167]"
1167,"[1166, 1168]"
1168,"[1167, 1169]"
1169,"[1168, 1170]"
1170,"[77, 1169]"
1171,"[77, 1172]"
1172,"[1171, 1173]"
1173,"[1172, 1174]"
1174,"[1173, 1175]"
1175,"[175, 1174]"
1176,"[175, 1177]"
1177,"[1176, 1178]"
1178,"[1177, 1179]"
1179,"[1178, 1180]"
1180,"[135, 1179]"
1181,"[135, 1182]"
1182,"[1181, 1183]"
1183,"[1182, 1184]"
1184,"[1183, 1185]"
1185,"[21, 1184]"
1186,"[21, 1187]"
1187,"[1186, 1188]"
1188,"[1187, 1189]"
1189,"[1188, 1190]"
1190,"[82, 1189]"
1191,"[82, 1192]"
1192,"[1191, 1193]"
1193,"[1192, 1194]"
1194,"[1193, 1195]"
1195,"[70, 1194]"
1196,"[168, 1197]"
1197,"[1196, 1198]"
1198,"[1197, 1199]"
1199,"[1198, 1200]"
1200,"[133, 1199]"
1201,"[133, 1202]"
1202,"[1201, 1203]"
1203,"[1202, 1204]"
1204,"[1203, 1205]"
1205,"[144, 1204]"
1206,"[144, 1207]"
1207,"[1206, 1208]"
1208,"[1207, 1209]"
1209,"[1208, 1210]"
1210,"[171, 1209]"
1211,"[171, 1212]"
1212,"[1211, 1213]"
1213,"[1212, 1214]"
1214,"[1213, 1215]"
1215,"[239, 1214]"
1216,"[239, 1217]"
1217,"[1216, 1218]"
1218,"[1217, 1219]"
1219,"[1218, 1220]"
1220,"[191, 1219]"
1221,"[191, 1222]"
1222,"[1221, 1223]"
1223,"[1222, 1224]"
1224,"[1223, 1225]"
1225,"[187, 1224]"
1226,"[187, 1227]"
1227,"[1226, 1228]"
1228,"[1227, 1229]"
1229,"[1228, 1230]"
1230,"[223, 1229]"
1231,"[223, 1232]"
1232,"[1231, 1233]"
1233,"[1232, 1234]"
1234,"[1233, 1235]"
1235,"[262, 1234]"
1236,"[262, 1237]"
1237,"[1236, 1238]"
1238,"[1237, 1239]"
1239,"[1238, 1240]"
1240,"[173, 1239]"
1241,"[173, 1242]"
1242,"[1241, 1243]"
1243,"[1242, 1244]"
1244,"[1243, 1245]"
1245,"[236, 1244]"
1246,"[236, 1247]"
1247,"[1246, 1248]"
1248,"[1247, 1249]"
1249,"[1248, 1250]"
1250,"[45, 1249]"
1251,"[45, 1252]"
1252,"[1251, 1253]"
1253,"[1252, 1254]"
1254,"[1253, 1255]"
1255,"[205, 1254]"
1256,"[205, 1257]"
1257,"[1256, 1258]"
1258,"[1257, 1259]"
1259,"[1258, 1260]"
1260,"[243, 1259]"
1261,"[243, 1262]"
1262,"[1261, 1263]"
1263,"[1262, 1264]"
1264,"[1263, 1265]"
1265,"[152, 1264]"
1266,"[152, 1267]"
1267,"[1266, 1268]"
1268,"[1267, 1269]"
1269,"[1268, 1270]"
1270,"[86, 1269]"
1271,"[86, 1272]"
1272,"[1271, 1273]"
1273,"[1272, 1274]"
1274,"[1273, 1275]"
1275,"[24, 1274]"
1276,"[24, 1277]"
1277,"[1276, 1278]"
1278,"[1277, 1279]"
1279,"[1278, 1280]"
1280,"[147, 1279]"
1281,"[147, 1282]"
1282,"[1281, 1283]"
1283,"[1282, 1284]"
1284,"[1283, 1285]"
1285,"[102, 1284]"
1286,"[102, 1287]"
1287,"[1286, 1288]"
1288,"[1287, 1289]"
1289,"[1288, 1290]"
1290,"[252, 1289]"
1291,"[252, 1292]"
1292,"[1291, 1293]"
1293,"[1292, 1294]"
1294,"[1293, 1295]"
1295,"[84, 1294]"
1296,"[84, 1297]"
1297,"[1296, 1298]"
1298,"[1297, 1299]"
1299,"[1298, 1300]"
1300,"[76, 1299]"
1301,"[76, 1302]"
1302,"[1301, 1303]"
1303,"[1302, 1304]"
1304,"[1303, 1305]"
1305,"[83, 1304]"
1306,"[83, 1307]"
1307,"[1306, 1308]"
1308,"[1307, 1309]"
1309,"[1308, 1310]"
1310,"[201, 1309]"
1311,"[201, 1312]"
1312,"[1311, 1313]"
1313,"[1312, 1314]"
1314,"[1313, 1315]"
1315,"[170, 1314]"
1316,"[170, 1317]"
1317,"[1316, 1318]"
1318,"[1317, 1319]"
1319,"[1318, 1320]"
1320,"[249, 1319]"
1321,"[249, 1322]"
1322,"[1321, 1323]"
1323,"[1322, 1324]"
1324,"[1323, 1325]"
1325,"[33, 1324]"
1326,"[34, 1327]"
1327,"[1326, 1328]"
1328,"[1327, 1329]"
1329,"[1328, 1330]"
1330,"[232, 1329]"
1331,"[232, 1332]"
1332,"[1331, 1333]"
1333,"[1332, 1334]"
1334,"[1333, 1335]"
1335,"[31, 1334]"
1336,"[31, 1337]"
1337,"[1336, 1338]"
1338,"[1337, 1339]"
1339,"[1338, 1340]"
1340,"[234, 1339]"
1341,"[234, 1342]"
1342,"[1341, 1343]"
1343,"[1342, 1344]"
1344,"[1343, 1345]"
1345,"[235, 1344]"
1346,"[235, 1347]"
1347,"[1346, 1348]"
1348,"[1347, 1349]"
1349,"[1348, 1350]"
1350,"[98, 1349]"
1351,"[98, 1352]"
1352,"[1351, 1353]"
1353,"[1352, 1354]"
1354,"[1353, 1355]"
1355,"[25, 1354]"
1356,"[238, 1357]"
1357,"[1356, 1358]"
1358,"[1357, 1359]"
1359,"[1358, 1360]"
1360,"[100, 1359]"
1361,"[100, 1362]"
1362,"[1361, 1363]"
1363,"[1362, 1364]"
1364,"[1363, 1365]"
1365,"[265, 1364]"
1366,"[265, 1367]"
1367,"[1366, 1368]"
1368,"[1367, 1369]"
1369,"[1368, 1370]"
1370,"[194, 1369]"
1371,"[194, 1372]"
1372,"[1371, 1373]"
1373,"[1372, 1374]"
1374,"[1373, 1375]"
1375,"[38, 1374]"
1376,"[38, 1377]"
1377,"[1376, 1378]"
1378,"[1377, 1379]"
1379,"[1378, 1380]"
1380,"[139, 1379]"
1381,"[139, 1382]"
1382,"[1381, 1383]"
1383,"[1382, 1384]"
1384,"[1383, 1385]"
1385,"[159, 1384]"
1386,"[159, 1387]"
1387,"[1386, 1388]"
1388,"[1387, 1389]"
1389,"[1388, 1390]"
1390,"[242, 1389]"
1391,"[242, 1392]"
1392,"[1391, 1393]"
1393,"[1392, 1394]"
1394,"[1393, 1395]"
1395,"[35, 1394]"
1396,"[35, 1397]"
1397,"[1396, 1398]"
1398,"[1397, 1399]"
1399,"[1398, 1400]"
1400,"[106, 1399]"
1401,"[106, 1402]"
1402,"[1401, 1403]"
1403,"[1402, 1404]"
1404,"[1403, 1405]"
1405,"[57, 1404]"
1406,"[57, 1407]"
1407,"[1406, 1408]"
1408,"[1407, 1409]"
1409,"[1408, 1410]"
1410,"[224, 1409]"
1411,"[224, 1412]"
1412,"[1411, 1413]"
1413,"[1412, 1414]"
1414,"[1413, 1415]"
1415,"[206, 1414]"
1416,"[206, 1417]"
1417,"[1416, 1418]"
1418,"[1417, 1419]"
1419,"[1418, 1420]"
1420,"[253, 1419]"
1421,"[253, 1422]"
1422,"[1421, 1423]"
1423,"[1422, 1424]"
1424,"[1423, 1425]"
1425,"[186, 1424]"
1426,"[186, 1427]"
1427,"[1426, 1428]"
1428,"[1427, 1429]"
1429,"[1428, 1430]"
1430,"[85, 1429]"
1431,"[85, 1432]"
1432,"[1431, 1433]"
1433,"[1432, 1434]"
1434,"[1433, 1435]"
1435,"[58, 1434]"
1436,"[58, 1437]"
1437,"[1436, 1438]"
1438,"[1437, 1439]"
1439,"[1438, 1440]"
1440,"[74, 1439]"
1441,"[74, 1442]"
1442,"[1441, 1443]"
1443,"[1442, 1444]"
1444,"[1443, 1445]"
1445,"[160, 1444]"
1446,"[160, 1447]"
1447,"[1446, 1448]"
1448,"[1447, 1449]"
1449,"[1448, 1450]"
1450,"[43, 1449]"
1451,"[43, 1452]"
1452,"[1451, 1453]"
1453,"[1452, 1454]"
1454,"[1453, 1455]"
1455,"[104, 1454]"
1456,"[104, 1457]"
1457,"[1456, 1458]"
1458,"[1457, 1459]"
1459,"[1458, 1460]"
1460,"[30, 1459]"
1461,"[30, 1462]"
1462,"[1461, 1463]"
1463,"[1462, 1464]"
1464,"[1463, 1465]"
1465,"[108, 1464]"
1466,"[108, 1467]"
1467,"[1466, 1468]"
1468,"[1467, 1469]"
1469,"[1468, 1470]"
1470,"[26, 1469]"
1471,"[26, 1472]"
1472,"[1471, 1473]"
1473,"[1472, 1474]"
1474,"[1473, 1475]"
1475,"[255, 1474]"
1476,"[255, 1477]"
1477,"[1476, 1478]"
1478,"[1477, 1479]"
1479,"[1478, 1480]"
1480,"[61, 1479]"
1481,"[228, 1482]"
1482,"[1481, 1483]"
1483,"[1482, 1484]"
1484,"[1483, 1485]"
1485,"[48, 1484]"
1486,"[48, 1487]"
1487,"[1486, 1488]"
1488,"[1487, 1489]"
1489,"[1488, 1490]"
1490,"[237, 1489]"
1491,"[237, 1492]"
1492,"[1491, 1493]"
1493,"[1492, 1494]"
1494,"[1493, 1495]"
1495,"[129, 1494]"
1496,"[127, 1497]"
1497,"[1496, 1498]"
1498,"[1497, 1499]"
1499,"[1498, 1500]"
1500,"[207, 1499]"
1501,"[207, 1502]"
1502,"[1501, 1503]"
1503,"[1502, 1504]"
1504,"[1503, 1505]"
1505,"[140, 1504]"
1506,"[140, 1507]"
1507,"[1506, 1508]"
1508,"[1507, 1509]"
1509,"[1508, 1510]"
1510,"[261, 1509]"
1511,"[261, 1512]"
1512,"[1511, 1513]"
1513,"[1512, 1514]"
1514,"[1513, 1515]"
1515,"[79, 1514]"
1516,"[79, 1517]"
1517,"[1516, 1518]"
1518,"[1517, 1519]"
1519,"[1518, 1520]"
1520,"[233, 1519]"
1521,"[233, 1522]"
1522,"[1521, 1523]"
1523,"[1522, 1524]"
1524,"[1523, 1525]"
1525,"[103, 1524]"
1526,"[103, 1527]"
1527,"[1526, 1528]"
1528,"[1527, 1529]"
1529,"[1528, 1530]"
1530,"[125, 1529]"
