node_id,x,y,added
0,566239.1292,1488031.556,0
1,566201.8844280001,1488005.82684,0
2,565315.8912000001,1486830.506,0
3,564050.3796000001,1486304.713,0
4,564583.15548,1488032.43677,0
5,565036.6680000001,1489536.872,0
6,566943.1919999999,1484834.0939999998,0
7,564256.044,1491917.62,0
8,562426.0812,1486555.599,0
9,564400.1592,1483504.932,0
10,564542.7731999999,1488026.218,0
11,564461.7084,1488015.5420000001,0
12,563443.8948,1489310.007,0
13,559762.982424,1484153.15203,0
14,565417.9728,1491154.286,0
15,562915.4724,1487802.022,0
16,564143.454,1488266.428,0
17,565661.1672,1488581.37,0
18,563652.5616,1488602.722,0
19,562595.7167999999,1491058.202,0
20,564203.502,1488680.123,0
21,564217.0128,1488672.1160000002,0
22,563335.8084,1485106.332,0
23,564502.2408,1491538.622,0
24,564601.32,1487999.528,0
25,563793.6743999999,1483974.676,0
26,566606.9232,1484855.446,0
27,564559.2864,1487996.859,0
28,561004.384752,1485238.34074,0
29,565026.1596,1490500.381,0
30,566710.506,1485557.393,0
31,563595.516,1482509.395,0
32,564104.4228000001,1483144.6169999999,0
33,566465.8104000001,1489697.0119999999,0
34,563187.1895999999,1482309.22,0
35,564493.2336,1489656.977,0
36,565068.1932,1489865.159,0
37,564742.4328,1485386.577,0
38,563865.732,1490796.6400000001,0
39,564299.5788,1490564.437,0
40,562750.3404,1490364.2619999999,0
41,562919.9759999999,1489809.11,0
42,565755.7428,1487308.257,0
43,566748.036,1486390.121,0
44,561181.5863999999,1490246.826,0
45,563838.7104,1486907.907,0
46,563539.9715999999,1485536.041,0
47,567725.3172,1487049.364,0
48,562764.5567640001,1484666.45411,0
49,561707.8170479999,1485553.33612,0
50,562224.9204000001,1487038.688,0
51,563566.6028880001,1487966.8594399998,0
52,563542.9739999999,1487943.479,0
53,563820.696,1489027.093,0
54,564176.4804,1489486.161,0
55,564815.9916,1487409.679,0
56,566231.6232,1484252.2519999999,0
57,564677.8812,1488810.9039999999,0
58,565592.1120000001,1487129.4340000001,0
59,568298.7755999999,1486245.9949999999,0
60,564053.3820000001,1485453.302,0
61,566632.4436,1484294.956,0
62,567174.3768,1488976.382,0
63,563557.986,1485487.999,0
64,565297.8768,1484919.502,0
65,564425.6796,1485378.57,0
66,565182.2844,1485434.619,0
67,565182.2844,1485434.619,0
68,563933.421108,1487816.4079099998,0
69,563933.286,1487796.6840000001,0
70,563934.652092,1487824.8152599998,0
71,564951.0996,1488108.957,0
72,564951.0996,1488108.957,0
73,565686.2282328,1485962.563214,0
74,565728.7212,1486830.506,0
75,565408.9656,1486059.165,0
76,565294.8744,1488642.757,0
77,565275.3587999999,1488629.412,0
78,563232.2256,1484852.777,0
79,568219.181976,1486724.35987,0
80,568327.2984,1485947.067,0
81,566618.9328,1484329.653,0
82,564111.9288,1488269.097,0
83,565461.5076,1488770.869,0
84,565182.2844,1488474.6099999999,0
85,565461.5076,1487516.439,0
86,564506.7444000001,1487842.057,0
87,561570.3972,1488146.323,0
88,564840.0108,1488250.4139999999,0
89,566937.1872,1486782.464,0
90,562137.8508,1487452.383,0
91,562137.8508,1487452.383,0
92,562139.352,1487401.672,0
93,565324.958448,1488182.06091,0
94,565344.414,1488154.3299999998,0
95,563466.4127999999,1487697.9309999999,0
96,564242.5332000001,1486838.513,0
97,568241.73,1486667.6970000002,0
98,564104.4228000001,1483486.2489999998,0
99,566053.8661079999,1488359.7896200002,0
100,563619.5352,1491941.6409999998,0
101,563193.134352,1486823.00611,0
102,564859.5264,1488226.3930000002,0
103,568969.256556,1486859.73155,0
104,566880.1416,1485987.102,0
105,565266.3515999999,1487729.959,0
106,564694.3944,1489179.226,0
107,564710.4077004,1489258.407223,0
108,566599.4172,1485298.5,0
109,564388.1496,1488503.969,0
110,565371.4356,1491629.368,0
111,564467.7132,1488794.89,0
112,562900.0851,1487295.39242,0
113,560881.3464,1490521.733,0
114,562695.456528,1486352.32796,0
115,562729.3236,1486318.058,0
116,562520.50668,1488265.1468800001,0
117,561701.0016000001,1487721.952,0
118,563458.9068,1487922.127,0
119,561226.6224,1489974.588,0
120,564787.4688,1486179.27,0
121,566005.96371672,1486217.2215786,0
122,564607.3248,1485896.3560000001,0
123,562725.9008640001,1488653.45969,0
124,564533.766,1485637.463,0
125,569378.243484,1486709.9739599999,0
126,566377.644924,1487499.65099,0
127,566377.644924,1487499.65099,0
128,563281.7652,1485829.631,0
129,563252.506812,1485856.37438,0
130,567702.7992,1488012.873,0
131,568411.3656,1487836.719,0
132,564894.054,1487740.635,0
133,562472.91864,1482906.96924,0
134,560776.982976,1485022.1250500001,0
135,564493.2336,1488765.531,0
136,563762.1492,1483990.69,0
137,563766.6528,1485837.638,0
138,562176.266508,1485844.3638799998,0
139,564060.452652,1490532.30224,0
140,567172.530324,1487130.0478700001,0
141,564587.8092,1487425.693,0
142,564619.3343999999,1487449.7140000002,0
143,562852.4219999999,1489128.5150000001,0
144,562339.4919840001,1483127.08167,0
145,565875.8387999999,1484316.308,0
146,564521.7564000001,1490991.477,0
147,564700.3992,1488173.013,0
148,565017.1524,1487447.045,0
149,565020.1548,1487481.742,0
150,563223.2184,1487599.1779999998,0
151,563223.2184,1487599.1779999998,0
152,564365.6316,1487583.1639999999,0
153,564323.598,1487585.833,0
154,566712.0072,1488997.7340000002,0
155,567443.0916,1489163.212,0
156,567252.4392,1487996.859,0
157,563809.001652,1489084.93023,0
158,564068.394,1490238.819,0
159,564068.394,1490238.819,0
160,566357.7239999999,1486456.846,0
161,566363.1448332,1486488.874,0
162,562456.1052,1487593.8399999999,0
163,561995.2368,1490922.083,0
164,565688.1888,1487892.768,0
165,564775.4592,1488143.6539999999,0
166,563238.2304,1488701.475,0
167,564721.4160000001,1487644.551,0
168,562844.9160000001,1482709.5699999998,0
169,564517.2528,1484294.956,0
170,566179.0812,1489203.247,0
171,561956.235624,1483596.79898,0
172,565440.4908,1487484.411,0
173,563040.072,1486021.799,0
174,563010.048,1486056.496,0
175,564928.5815999999,1488762.862,0
176,564928.5815999999,1488800.228,0
177,563891.2524,1486045.8199999998,0
178,564569.7948,1488367.85,0
179,559917.576,1484631.25,0
180,560764.2528,1490804.6469999999,0
181,562927.136724,1486568.25006,0
182,560475.391896,1484872.87457,0
183,562591.2132,1490767.281,0
184,564994.6344,1489131.184,0
185,564989.9656679999,1489136.68214,0
186,565680.6828,1487868.747,0
187,562077.8028,1484844.77,0
188,567353.0196,1487086.73,0
189,564278.562,1489107.1630000002,0
190,564256.044,1489125.846,0
191,561812.0904,1484548.511,0
192,565242.3324000001,1490775.2880000002,0
193,564427.1808,1485362.556,0
194,563657.0652,1491076.885,0
195,566264.6496,1488856.277,0
196,564820.4952,1487380.32,0
197,562508.6472,1487423.024,0
198,564185.4876,1487898.106,0
199,564188.49,1487935.472,0
200,563179.6836000001,1489438.1190000002,0
201,565655.1624,1489003.0720000002,0
202,565635.49668,1489064.7259000002,0
203,561314.907972,1485287.23682,0
204,561985.494012,1489789.0391199999,0
205,563909.2668,1487254.877,0
206,565039.6704000001,1488415.892,0
207,566736.882084,1487359.15483,0
208,561495.3372000001,1489403.422,0
209,563675.0795999999,1487668.572,0
210,564930.0828,1488589.3769999999,0
211,562043.2752,1490649.845,0
212,565227.3204,1487748.642,0
213,565234.8264,1487705.938,0
214,564548.7779999999,1488359.8429999999,0
215,564736.428,1488175.682,0
216,566426.7792,1486867.872,0
217,566377.8984766799,1486859.0643,0
218,562343.5152,1487914.1199999999,0
219,565417.657548,1486469.15009,0
220,564098.4180000001,1489771.744,0
221,564862.5288,1487732.628,0
222,564862.5288,1487732.628,0
223,562537.1699999999,1485189.071,0
224,564751.44,1488469.2719999999,0
225,564794.9748,1486865.203,0
226,565012.6488,1488397.209,0
227,562001.2416,1490014.6230000001,0
228,562669.12548,1484408.73547,0
229,563073.0984,1484473.779,0
230,563870.2356,1488367.85,0
231,564457.2048000001,1483827.881,0
232,563412.3696,1482410.642,0
233,568653.73434,1486904.59744,0
234,563769.6552,1482578.7889999999,0
235,564101.4204000001,1483136.61,0
236,563449.8996,1486435.494,0
237,563075.42526,1485269.48797,0
238,563648.0580000001,1492547.504,0
239,561563.56674,1484000.48523,0
240,563175.18,1487860.74,0
241,562699.2996,1487689.924,0
242,564272.5571999999,1489910.5320000001,0
243,564129.9432,1487345.6230000001,0
244,562672.172916,1491404.21116,0
245,563237.089488,1488679.9895499998,0
246,563448.728664,1488943.6600600001,0
247,565493.0328,1484535.166,0
248,564731.9243999999,1488522.652,0
249,566624.9376,1489403.422,0
250,564551.7803999999,1485044.945,0
251,564587.614044,1488363.07249,0
252,565033.6656000001,1488386.533,0
253,565311.3876,1488140.985,0
254,564575.7996,1487161.462,0
255,566608.4243999999,1484527.159,0
256,566703.0,1488170.3439999998,0
257,562411.0692,1489531.534,0
258,567432.5832,1489552.886,0
259,566007.9443999999,1488813.573,0
260,565997.631156,1488775.9934800002,0
261,567723.785976,1486775.84488,0
262,562699.2996,1485664.153,0
263,564586.3080000001,1484561.856,0
264,563449.8996,1484132.1469999999,0
265,563631.5448,1491434.531,0
266,564929.7992400001,1487716.2284777777,2
267,564997.083024,1487706.2108311113,2
268,565064.380152,1487702.5750600002,2
269,565131.6906239999,1487705.3211644446,2
270,565199.01444,1487714.4491444444,2
271,565334.6228400001,1487773.7602555556,2
272,565403.7080640002,1487810.8949422224,2
273,565473.607272,1487841.3630600001,2
274,565544.3204640001,1487865.164608889,2
275,565615.84764,1487882.2995888891,2
276,565781.7469200002,1487894.1321555558,2
277,565874.611152,1487904.2031822223,2
278,565966.781496,1487922.98108,2
279,566058.257952,1487950.465848889,2
280,566149.0405199999,1487986.6574888888,2
281,566314.7062800002,1488073.0144666666,2
282,566390.9772480001,1488107.14208,2
283,566467.942104,1488133.93884,2
284,566545.6008480001,1488153.4047466666,2
285,566623.95348,1488165.5398,2
286,566792.4048,1488119.7219666666,2
287,566882.6769600001,1488077.7830800002,2
288,566973.81648,1488044.52734,2
289,567065.82336,1488019.9547466668,2
290,567158.6976000001,1488004.0653000001,2
291,567327.29904,1488017.3213333334,2
292,567402.2389440001,1488030.6663333338,2
293,567477.258912,1488036.894,2
294,567552.358944,1488036.0043333333,2
295,567627.5390400001,1488027.9973333334,2
296,567818.69184,1487955.5191555556,2
297,567935.465184,1487909.363248889,2
298,568053.119232,1487874.40528,2
299,568171.653984,1487850.645248889,2
300,568291.0694399999,1487838.0831555557,2
301,562149.0764400001,1487337.7939333334,2
302,562160.6156639999,1487275.26816,2
303,562173.969672,1487214.09468,2
304,562189.1384640001,1487154.2734933335,2
305,562206.12204,1487095.8046000001,2
306,562264.48536,1486966.1208555559,2
307,562301.635056,1486890.3746355558,2
308,562336.369488,1486811.44934,2
309,562368.688656,1486729.3449688891,2
310,562398.59256,1486644.0615222221,2
311,562473.6525600001,1486504.027988889,2
312,562522.4115360001,1486457.2493155557,2
313,562572.3581279999,1486415.26298,2
314,562623.4923360001,1486378.0689822221,2
315,562675.8141600001,1486345.6673222221,2
316,562779.3802799999,1486285.5555111114,2
317,562828.1292480001,1486248.6165511115,2
318,562875.570504,1486207.2411200001,2
319,562921.704048,1486161.429217778,2
320,562966.52988,1486111.1808444445,2
321,563052.4986,1486007.9498555558,2
322,563096.0834400001,1485963.6978355555,2
323,563140.80252,1485923.7399399998,2
324,563186.65584,1485888.076168889,2
325,563233.6434,1485856.7065222221,2
326,563328.4692,1485790.9008444445,2
327,563373.7053600001,1485748.0900844447,2
328,563417.47368,1485701.19872,2
329,563459.77416,1485650.2267511112,2
330,563500.6068,1485595.1741777777,2
331,563624.50584,1485501.9667666669,2
332,563709.453744,1485476.0062933334,2
333,563794.815312,1485458.15958,2
334,563880.590544,1485448.426626667,2
335,563966.7794400001,1485446.8074333335,2
336,564116.3656800002,1485455.5558222223,2
337,564178.9757280002,1485451.9259822224,2
338,564241.2121440001,1485442.41248,2
339,564303.0749280001,1485427.0153155555,2
340,564364.56408,1485405.7344888889,2
341,564478.5718800002,1485367.3898555553,2
342,564531.4241280002,1485361.2155688892,2
343,564584.236344,1485360.04714,2
344,564637.008528,1485363.884568889,2
345,564689.7406800002,1485372.7278555555,2
346,564815.14092,1485411.9621555558,2
347,564888.0892320002,1485430.396048889,2
348,564961.277736,1485441.87868,2
349,565034.706432,1485446.410048889,2
350,565108.37532,1485443.9901555558,2
351,565272.87384696,1485502.6993182001,2
352,565360.823770656,1485578.7437900535,2
353,565446.134171088,1485662.75241556,2
354,565528.805048256,1485754.72519472,2
355,565608.83640216,1485854.6621275335,2
356,565736.3344890961,1486017.6387466646,2
357,565787.7139418017,1486067.66129057,2
358,565840.3665909168,1486112.630845716,2
359,565894.2924364416,1486152.547412103,2
360,565949.491478376,1486187.410989731,2
361,566068.8893036161,1486248.3850657756,2
362,566130.4567301858,1486285.1933195079,2
363,566190.6659964288,1486327.646339796,2
364,566249.5171023456,1486375.7441266412,2
365,566307.010047936,1486429.4866800422,2
366,566360.9767417802,1486551.1552870022,2
367,566360.6594631601,1486613.2034125372,2
368,566362.19299734,1486675.018376604,2
369,566365.57734432,1486736.6001792036,2
370,566370.8125040999,1486797.9488203356,2
371,566385.8629515,1486965.8387659802,2
372,566390.62473288,1487072.6092249013,2
373,566392.1838208201,1487179.375676764,2
374,566390.54021532,1487286.1381215681,2
375,566385.69391638,1487392.8965593132,2
376,566342.0247840001,1487577.069486778,2
377,566308.9353335999,1487657.2656415112,2
378,566278.3765728001,1487740.2394542,2
379,566250.3485016001,1487825.990924844,2
380,566224.85112,1487914.5200534442,2
381,566181.6389112,1488070.6687122223,2
382,566159.6237131202,1488133.1713542223,2
383,566135.83883376,1488193.334766,2
384,566110.28427312,1488251.1589475556,2
385,566082.9600312001,1488306.643898889,2
386,566039.2914576001,1488426.9351357778,2
387,566026.79767056,1488494.969369245,2
388,566016.3847468799,1488563.8923204,2
389,566008.05268656,1488633.7039892448,2
390,566001.8014896,1488704.4043757778,2
391,565940.8842948,1488838.4231693335,2
392,565882.69387968,1488895.1298109335,2
393,565823.0599106399,1488946.1134048002,2
394,565761.98238768,1488991.3739509336,2
395,565699.4613108,1489030.9114493337,2
396,565527.0087924,1489051.214235778,2
397,565418.8806590402,1489047.9043199113,2
398,565311.11227992,1489054.7961523999,2
399,565203.70365504,1489071.8897332444,2
400,565096.6547844,1489099.1850624445,2
401,564944.89412292,1489168.0147468778,2
402,564899.2139980322,1489194.929316538,2
403,564852.925293336,1489217.42584898,2
404,564806.028008832,1489235.5043442044,2
405,564758.5221445201,1489249.164802211,2
406,564636.3373081201,1489218.3621697668,2
407,564561.6041593921,1489185.4977229603,2
408,564486.208254216,1489159.81388258,2
409,564410.149592592,1489141.3106486266,2
410,564333.42817452,1489129.9880211,2
411,564181.0255332,1489136.6889607778,2
412,564106.21162992,1489140.4670192443,2
413,564031.60229016,1489137.1801753999,2
414,563957.19751392,1489126.8284292445,2
415,563882.9973011999,1489109.4117807779,2
416,563750.7218988,1489047.1511281112,2
417,563691.7358476801,1489015.0656556448,2
418,563632.04349864,1488988.6738126,2
419,563571.64485168,1488967.9755989779,2
420,563510.5399068,1488952.971014778,2
421,563410.1598335999,1488908.0766554447,2
422,563372.9092569601,1488869.148578711,2
423,563336.97693408,1488826.8758297998,2
424,563302.36286496,1488781.258408711,2
425,563269.0670496001,1488732.2963154444,2
426,563152.2229824001,1488655.371287111,2
427,563067.22383744,1488638.8316720445,2
428,562982.09205312,1488630.3707048,2
429,562896.8276294401,1488629.9883853777,2
430,562811.4305664,1488637.6847137776,2
431,562686.8149536002,1488596.8558345556,2
432,562649.6704617601,1488537.0060006224,2
433,562614.4673884801,1488473.9101882002,2
434,562581.2057337599,1488407.5683972891,2
435,562549.8854976,1488337.980627889,2
436,562495.3956072001,1488199.64962,2
437,562468.5295315201,1488136.9494720004,2
438,562439.9084529601,1488077.046436,2
439,562409.5323715201,1488019.9405120001,2
440,562377.4012872,1487965.6316999998,2
441,562303.08288,1487836.778311111,2
442,562265.2126079999,1487756.210097778,2
443,562229.9043839999,1487672.41536,2
444,562197.1582079999,1487585.3940977778,2
445,562166.97408,1487495.146311111,2
446,562655.1054396,1491349.5636815557,2
447,562639.76787936,1491293.7079171557,2
448,562626.16023528,1491236.6438668,2
449,562614.28250736,1491178.3715304888,2
450,562604.1346955999,1491118.8909082224,2
451,562598.60244,1491009.5372333336,2
452,562600.0335840001,1490960.9436400002,2
453,562600.010232,1490912.42122,2
454,562598.532384,1490863.9699733334,2
455,562595.60004,1490815.5899000003,2
456,562612.69704,1490693.8241888892,2
457,562636.195824,1490622.882168889,2
458,562661.7095519999,1490554.45494,2
459,562689.238224,1490488.5425022223,2
460,562718.7818400001,1490425.1448555556,2
461,562785.55188,1490278.4388222224,2
462,562817.9878080001,1490189.9347822221,2
463,562847.6481839999,1490098.74988,2
464,562874.533008,1490004.8841155556,2
465,562898.6422799999,1489908.337488889,2
466,562958.6235599999,1489737.0173444448,2
467,562999.1259359999,1489669.0290177779,2
468,563041.4831279999,1489605.1450200002,2
469,563085.6951359999,1489545.3653511112,2
470,563131.7619600001,1489489.690011111,2
471,563225.32008,1489427.2057555555,2
472,563270.316048,1489412.1170088889,2
473,563314.6715040001,1489392.85276,2
474,563358.386448,1489369.4130088887,2
475,563401.46088,1489341.7977555557,2
476,563503.15884,1489247.9675777778,2
477,563563.837344,1489191.8829911111,2
478,563625.930312,1489141.75324,2
479,563689.437744,1489097.5783244444,2
480,563754.35964,1489059.3582444445,2
481,563888.8338000001,1488984.3890000002,2
482,563955.2368800002,1488935.6352666668,2
483,564019.90524,1488880.8318,2
484,564082.83888,1488819.9786000003,2
485,564144.0378,1488753.0756666667,2
486,564232.0748400001,1488643.4687333335,2
487,564261.5283840001,1488609.7325733332,2
488,564291.862632,1488578.91452,2
489,564323.077584,1488551.0145733333,2
490,564355.17324,1488526.0327333333,2
491,564416.7224399999,1488486.294288889,2
492,564444.574704,1488466.0810622221,2
493,564471.706392,1488443.3293199998,2
494,564498.1175040001,1488418.039062222,2
495,564523.8080399999,1488390.2102888888,2
496,564577.75116,1488321.7356111114,2
497,564607.6450560001,1488286.5937777779,2
498,564638.459688,1488254.4175,2
499,564670.1950559999,1488225.2067777778,2
500,564702.8511600001,1488198.9616111114,2
501,564768.1366800001,1488109.4018333338,2
502,564797.670288,1488040.6306,2
503,564825.028824,1487969.3683,2
504,564850.2122879999,1487895.6149333336,2
505,564873.2206800001,1487819.3705,2
506,564910.9008,1487686.8398222225,2
507,564929.21544,1487634.9900488888,2
508,564948.99792,1487585.0856800003,2
509,564970.24824,1487537.1267155556,2
510,564992.9664,1487491.1131555557,2
511,565074.6483600001,1487356.0914111114,2
512,565129.0618560001,1487260.4166577777,2
513,565180.392888,1487160.02074,2
514,565228.641456,1487054.9036577777,2
515,565273.80756,1486945.065411111,2
516,565328.3356476001,1486766.2593147778,2
517,565342.5867393601,1486703.6209096448,2
518,565358.64447528,1486642.5907846,2
519,565376.5088553601,1486583.1689396445,2
520,565396.1798796,1486525.3553747777,2
521,565421.3333196001,1486400.4758303335,2
522,565422.95931936,1486331.9389352,2
523,565422.53554728,1486263.5394046,2
524,565420.06200336,1486195.2772385334,2
525,565415.5386875999,1486127.152437,2
526,565363.37916,1485964.0299777777,2
527,565320.915216,1485865.3125644445,2
528,565281.573768,1485763.0127599998,2
529,565245.354816,1485657.1305644445,2
530,565212.25836,1485547.665977778,2
531,565207.98828,1485353.3331222225,2
532,565231.1167680001,1485270.2204622224,2
533,565251.6698639999,1485185.28102,2
534,565269.6475679999,1485098.5147955557,2
535,565285.04988,1485009.921788889,2
536,565325.5989600002,1484847.735555556,2
537,565355.2426560001,1484779.0532888891,2
538,565386.8078879999,1484713.4552,2
539,565420.2946560001,1484650.9412888892,2
540,565455.7029600001,1484591.5115555557,2
541,565559.5693200001,1484513.814,2
542,565625.011632,1484486.412266667,2
543,565689.359736,1484452.9608,2
544,565752.6136319999,1484413.4596,2
545,565814.7733199999,1484367.9086666666,2
546,565934.33556,1484291.5752666667,2
547,565993.1525760001,1484272.4652266668,2
548,566052.289848,1484258.9778800001,2
549,566111.747376,1484251.1132266666,2
550,566171.52516,1484248.8712666666,2
551,566295.2073600001,1484280.4544333336,2
552,566359.1784960001,1484302.53596,2
553,566423.536608,1484318.49658,2
554,566488.2816960001,1484328.3362933334,2
555,566553.41376,1484332.0551,2
556,566679.28104,1484400.9153,2
557,566737.1072640001,1484477.3020799998,2
558,566792.411472,1484558.8133399999,2
559,566845.193664,1484645.4490799997,2
560,566895.4538400001,1484737.2093,2
561,563711.87568,1484026.602877778,2
562,563660.894928,1484057.5810711114,2
563,563609.206944,1484083.6245799998,2
564,563556.8117280001,1484104.7334044445,2
565,563503.7092800001,1484120.9075444445,2
566,563382.8293200001,1484174.198577778,2
567,563317.4670720001,1484222.2049911115,2
568,563253.812856,1484276.1662400002,2
569,563191.866672,1484336.0823244445,2
570,563131.62852,1484401.9532444447,2
571,563104.3567200002,1484530.6583555557,2
572,563133.7201920002,1484590.0525022224,2
573,563161.188816,1484651.9614399998,2
574,563186.7625920001,1484716.3851688888,2
575,563210.44152,1484783.323688889,2
576,563246.3202,1484899.1286333334,2
577,563261.6824800001,1484943.8432800004,2
578,563278.31244,1484986.9209399999,2
579,563296.21008,1485028.3616133335,2
580,563315.3754,1485068.1653,2
581,563377.60848,1485161.1651222224,2
582,563417.5003680001,1485219.5094622225,2
583,563455.4840640001,1485281.3650200001,2
584,563491.5595680001,1485346.7317955554,2
585,563525.72688,1485415.609788889,2
586,563588.3936400001,1485554.5164111112,2
587,563620.549344,1485617.7361244448,2
588,563654.453112,1485677.65814,2
589,563690.104944,1485734.2824577778,2
590,563727.5048400001,1485787.609077778,2
591,563790.02148,1485867.412177778,2
592,563812.3493280001,1485899.1554844447,2
593,563833.636344,1485932.8679199999,2
594,563853.8825279999,1485968.5494844445,2
595,563873.0878800001,1486006.2001777778,2
596,563914.5376800001,1486095.255811111,2
597,563939.117328,1486142.1768311113,2
598,563964.991344,1486186.5830599999,2
599,563992.1597279999,1486228.4744977779,2
600,564020.62248,1486267.8511444444,2
601,564089.0772,1486386.0878444444,2
602,564125.1060000003,1486470.4994177779,2
603,564158.466,1486557.9477199998,2
604,564189.1572000001,1486648.432751111,2
605,564217.1796,1486741.9545111111,2
606,564294.04104,1486905.5049,2
607,564347.163504,1486967.2299733334,2
608,564401.900592,1487023.6882200001,2
609,564458.252304,1487074.8796400002,2
610,564516.21864,1487120.8042333333,2
611,564586.65828,1487207.783977778,2
612,564596.0758080002,1487254.7939644447,2
613,564604.0521839999,1487302.49196,2
614,564610.587408,1487350.8779644447,2
615,564615.68148,1487399.9519777778,2
616,564656.3306400001,1487506.4747333336,2
617,564694.741344,1487559.392106667,2
618,564734.566512,1487608.46612,2
619,564775.8061439999,1487653.6967733335,2
620,564818.46024,1487695.0840666667,2
621,564881.99436,1487791.8501444445,2
622,564899.5784160001,1487852.4720311114,2
623,564915.280968,1487914.49366,2
624,564929.102016,1487977.915031111,2
625,564941.04156,1488042.7361444447,2
626,564957.7549200001,1488159.4307555559,2
627,564965.8513920001,1488208.9318088891,2
628,564975.389016,1488257.46016,2
629,564986.367792,1488305.015808889,2
630,564998.78772,1488351.5987555557,2
631,565001.2897200001,1488432.4991111113,2
632,564988.969872,1488466.484377778,2
633,564975.6892560001,1488499.1648,2
634,564961.4478719999,1488530.5403777778,2
635,564946.2457200001,1488560.6111111112,2
636,564927.1971600001,1488624.4595222224,2
637,564925.3656960002,1488659.565768889,2
638,564924.5884080001,1488694.6957399996,2
639,564924.865296,1488729.8494355555,2
640,564926.19636,1488765.0268555556,2
641,564943.72704,1488852.7776444445,2
642,564957.217824,1488906.3711644446,2
643,564969.053952,1488961.00856,2
644,564979.235424,1489016.689831111,2
645,564987.76224,1489073.4149777777,2
646,564996.5692800002,1489200.459377778,2
647,565000.5324480002,1489269.0704711112,2
648,565006.5239040001,1489337.0172799998,2
649,565014.5436480002,1489404.2998044444,2
650,565024.5916800001,1489470.9180444446,2
651,565046.0254800001,1489590.3409666666,2
652,565053.7416480001,1489644.3081466667,2
653,565059.8165040001,1489698.77354,2
654,565064.250048,1489753.7371466665,2
655,565067.04228,1489809.1989666666,2
656,565053.24792,1489969.3686222224,2
657,565041.4785120001,1490074.242528889,2
658,565032.8849760001,1490179.78072,2
659,565027.4673120001,1490285.9831955556,2
660,565025.22552,1490392.8499555555,2
661,565065.6244800001,1490537.6580333335,2
662,565103.7149280001,1490578.351386667,2
663,565140.430944,1490622.4610600001,2
664,565175.7725280001,1490669.9870533335,2
665,565209.7396800001,1490720.9293666668,2
666,565266.8686800001,1490845.3937333336,2
667,565293.299808,1490912.723706667,2
668,565321.625784,1490977.27792,2
669,565351.8466080001,1491039.0563733333,2
670,565383.9622800001,1491098.0590666668,2
671,565416.15468,1491235.3049777776,2
672,565411.961328,1491315.588497778,2
673,565405.392744,1491395.1365599998,2
674,565396.448928,1491473.9491644443,2
675,565385.12988,1491552.026311111,2
676,564562.7031312002,1488034.419243889,2
677,564542.33524992,1488034.4824102225,2
678,564522.05183616,1488032.6262690001,2
679,564501.85288992,1488028.8508202224,2
680,564481.7384112001,1488023.156063889,2
681,564417.1728000001,1487991.402377778,2
682,564372.23688,1487971.5806044447,2
683,564326.90064,1487956.07668,2
684,564281.16408,1487944.8906044445,2
685,564235.0272,1487938.022377778,2
686,564144.22128,1487922.4235555558,2
687,564100.646448,1487905.3419555556,2
688,564057.765504,1487884.2272,2
689,564015.5784479999,1487859.079288889,2
690,563974.08528,1487829.8982222225,2
691,563891.85288,1487765.130488889,2
692,563849.779248,1487737.6575822223,2
693,563807.0651039999,1487714.2652800002,2
694,563763.710448,1487694.953582222,2
695,563719.71528,1487679.722488889,2
696,563640.6687599999,1487681.7094111112,2
697,563606.111136,1487691.5491244446,2
698,563571.4067279999,1487698.09114,2
699,563536.5555359999,1487701.3354577778,2
700,563501.55756,1487701.282077778,2
701,563415.83904,1487713.559477778,2
702,563366.079264,1487733.790497778,2
703,563317.133472,1487758.62406,2
704,563269.0016640001,1487788.0601644444,2
705,563221.6838400001,1487822.0988111112,2
706,563131.16148,1487861.214488889,2
707,563087.4365279999,1487857.584648889,2
708,563044.0051439999,1487849.85048,2
709,563000.8673279999,1487838.0119822226,2
710,562958.02308,1487822.0691555555,2
711,562880.8447199999,1487774.7982000003,2
712,562845.656592,1487750.9907200001,2
713,562809.908016,1487730.59956,2
714,562773.598992,1487713.6247200002,2
715,562736.72952,1487700.0662,2
716,562657.5662400001,1487683.5184000002,2
717,562616.3132640001,1487673.2694400002,2
718,562575.540672,1487659.17712,2
719,562535.2484640001,1487641.24144,2
720,562495.4366400001,1487619.4623999998,2
721,562404.8308800001,1487557.6898777776,2
722,562352.8493280002,1487526.569337778,2
723,562300.1605440001,1487500.47838,2
724,562246.764528,1487479.4170044444,2
725,562192.6612800001,1487463.385211111,2
726,563874.2991816,1487839.5339053334,2
727,563814.4615497601,1487876.5888778667,2
728,563753.77310448,1487907.8489176,2
729,563692.23384576,1487933.3140245331,2
730,563629.8437736001,1487952.9841986664,2
731,563549.2126536,1487955.149054222,2
732,563531.5987737601,1487945.140660089,2
733,563513.7612484801,1487936.8342576,2
734,563495.70007776,1487930.2298467555,2
735,563477.4152616,1487925.3274275556,2
736,564158.2158000001,1483192.9852111111,2
737,564210.20736,1483246.0271377778,2
738,564260.39748,1483303.74278,2
739,564308.7861600001,1483366.1321377777,2
740,564355.3734,1483433.195211111,2
741,564405.6302400001,1483561.0106555556,2
742,564412.7159040001,1483616.1877822224,2
743,564421.416192,1483670.46338,2
744,564431.731104,1483723.837448889,2
745,564443.66064,1483776.309988889,2
746,564473.0508000001,1483903.3543888892,2
747,564486.5616,1483979.7767555558,2
748,564497.7372,1484057.1481,2
749,564506.5776,1484135.4684222222,2
750,564513.0828,1484214.7377222222,2
751,564525.4260000001,1484342.1676444444,2
752,564534.9336000001,1484388.2879644446,2
753,564545.7756,1484433.31696,2
754,564557.9519999999,1484477.2546311112,2
755,564571.4628000001,1484520.100977778,2
756,564586.5915600001,1484643.7349888892,2
757,564584.459856,1484725.0683155558,2
758,564579.9128879999,1484805.85598,2
759,564572.9506560001,1484886.0979822222,2
760,564563.57316,1484965.7943222222,2
761,564527.04396,1485092.9573444447,2
762,564503.8954560001,1485142.938817778,2
763,564482.3348879999,1485194.8894200001,2
764,564462.3622559999,1485248.8091511114,2
765,564443.97756,1485304.6980111112,2
766,564448.3810800001,1485404.1627444446,2
767,564468.2069280001,1485447.4539244445,2
768,564486.658344,1485492.42954,2
769,564503.735328,1485539.0895911113,2
770,564519.4378800001,1485587.434077778,2
771,564542.78988,1485683.518077778,2
772,564553.108128,1485728.410657778,2
773,564564.720744,1485772.14074,2
774,564577.627728,1485814.7083244447,2
775,564591.8290799999,1485856.113411111,2
776,564640.88496,1485936.3910000003,2
777,564673.0306560001,1485979.2729333336,2
778,564703.761888,1486025.0018,2
779,564733.078656,1486073.5776,2
780,564760.98096,1486125.0003333332,2
781,564780.1462800001,1486293.8887222225,2
782,564776.2531680001,1486408.3888222221,2
783,564775.789464,1486522.7703,2
784,564778.7551680001,1486637.0331555556,2
785,564785.1502800001,1486751.177388889,2
786,564805.6666800001,1486950.0475444447,2
787,564813.783168,1487035.2954044447,2
788,564819.3242639999,1487120.94658,2
789,564822.289968,1487207.0010711113,2
790,564822.6802800001,1487293.458877778,2
791,564800.6793600001,1487420.4439666667,2
792,564782.1845760002,1487462.1337466668,2
793,564765.0108480001,1487505.38934,2
794,564749.1581760001,1487550.2107466666,2
795,564734.6265600001,1487596.5979666666,2
796,564698.79792,1487709.6746,2
797,564674.418432,1487772.2359600002,2
798,564648.277536,1487832.2350800002,2
799,564620.375232,1487889.67196,2
800,564590.71152,1487944.5466,2
801,564559.4303484,1488059.0137823336,2
802,564561.4052270402,1488120.7208844,2
803,564565.2110359201,1488181.9803062,2
804,564570.8477750401,1488242.7920477334,2
805,564578.3154444001,1488303.1561089999,2
806,564613.6603644,1488383.967497889,2
807,564638.90884704,1488407.1431366222,2
808,564663.3594919201,1488432.5994062,2
809,564687.0122990401,1488460.336306622,2
810,564709.8672684,1488490.353837889,2
811,564684.48648,1488557.5862444446,2
812,564638.4096480001,1488596.6959911112,2
813,564593.693904,1488639.98124,2
814,564550.3392480001,1488687.441991111,2
815,564508.34568,1488739.0782444444,2
816,564440.0911200001,1488854.4087000003,2
817,564410.9077920001,1488910.93812,2
818,564380.1632160001,1488964.47826,2
819,564347.8573920002,1489015.02912,2
820,564313.9903200001,1489062.5907,2
821,564256.8112799999,1489166.296177778,2
822,564236.9554079999,1489227.0426177783,2
823,564218.994384,1489289.4023200003,2
824,564202.9282079999,1489353.3752844445,2
825,564188.7568799999,1489418.9615111111,2
826,564167.03952,1489536.8423444445,2
827,564156.170832,1489586.290017778,2
828,564143.874336,1489634.5040199999,2
829,564130.1500319999,1489681.484351111,2
830,564114.99792,1489727.231011111,2
831,564087.576,1489848.4036111112,2
832,564079.0692,1489925.5377111111,2
833,564072.8976,1490003.1463,2
834,564069.0612000001,1490081.2293777778,2
835,564067.5600000002,1490159.7869444445,2
836,564110.9947200001,1490283.9547555558,2
837,564151.9674720002,1490332.7440755556,2
838,564191.3122560001,1490385.18696,2
839,564229.0290720001,1490441.2834088888,2
840,564265.11792,1490501.0334222221,2
841,564331.2708000002,1490644.3883777778,2
842,564365.0978400002,1490720.828537778,2
843,564401.05992,1490793.7574800001,2
844,564439.1570400001,1490863.1752044444,2
845,564479.3892,1490929.0817111111,2
846,564525.3426,1491083.4388777781,2
847,564526.1932800001,1491175.092337778,2
848,564524.3084399999,1491266.4373800003,2
849,564519.6880800001,1491357.4740044444,2
850,564512.3322,1491448.2022111113,2
851,564456.47088,1491592.0613111113,2
852,564412.5958080001,1491649.3914311114,2
853,564370.615584,1491710.6123600001,2
854,564330.5302080001,1491775.724097778,2
855,564292.3396800001,1491844.7266444445,2
856,560780.23224,1490752.8684,2
857,560797.6261440001,1490702.9403066668,2
858,560816.4345120001,1490654.8627199999,2
859,560836.6573440002,1490608.63564,2
860,560858.2946400001,1490564.2590666667,2
861,560934.82248,1490487.7773888889,2
862,560986.924128,1490449.076888889,2
863,561037.651344,1490405.6315,2
864,561087.0041280001,1490357.441222222,2
865,561134.98248,1490304.5060555555,2
866,561185.6896800001,1490199.6736666667,2
867,561191.1540480001,1490153.2330666669,2
868,561197.9795039999,1490107.5041999999,2
869,561206.166048,1490062.4870666668,2
870,561215.7136799999,1490018.1816666669,2
871,561278.54724,1489890.0103555557,2
872,561327.616464,1489801.1860355558,2
873,561373.8300719999,1489708.11504,2
874,561417.188064,1489610.797368889,2
875,561457.69044,1489509.2330222225,2
876,561492.1346400001,1489190.9399444447,2
877,561495.217104,1488979.6441111113,2
878,561504.5845919999,1488769.5345,2
879,561520.2371039999,1488560.6111111112,2
880,561542.17464,1488352.8739444446,2
881,561597.46884,1488080.754566667,2
882,561622.4187840001,1488013.1221066667,2
883,561645.247032,1487943.42562,2
884,561665.9535840001,1487871.6651066667,2
885,561684.5384400001,1487797.8405666668,2
886,561770.4404400002,1487659.7643,2
887,561841.2270240003,1487604.4804133335,2
888,561913.361352,1487556.10034,2
889,561986.8434240001,1487514.62408,2
890,562061.6732400001,1487480.0516333333,2
891,562200.01716,1487462.1396777777,2
892,562262.0367360001,1487466.0364177779,2
893,562323.9095279999,1487464.0732200001,2
894,562385.635536,1487456.2500844444,2
895,562447.21476,1487442.5670111112,2
896,562629.94416,1487424.1509111112,2
897,562750.360416,1487436.5706577778,2
898,562869.895968,1487460.28324,2
899,562988.5508160001,1487495.2886577777,2
900,563106.32496,1487541.5869111111,2
901,563338.8703476,1487663.4424785557,2
902,563455.6083633599,1487716.483159689,2
903,563573.43244728,1487758.3000434,2
904,563692.34259936,1487788.8931296887,2
905,563812.3388196001,1487808.2624185556,2
906,563976.4533396,1487820.0653296667,2
907,564019.07711136,1487827.7063208001,2
908,564061.29242328,1487839.3308834,2
909,564103.09927536,1487854.9390174667,2
910,564144.4976675999,1487874.530723,2
911,564243.4339200001,1487933.5740444446,2
912,564302.020752,1487963.3956711113,2
913,564361.248096,1487987.5708800002,2
914,564421.115952,1488006.0996711112,2
915,564481.6243200001,1488018.9820444444,2
916,564583.0220400001,1488036.5974444447,2
917,564622.683744,1488050.6541777782,2
918,564661.758312,1488068.3882,2
919,564700.245744,1488089.799511111,2
920,564738.14604,1488114.8881111112,2
921,564866.5623576,1488171.7653907777,2
922,564957.8575353601,1488191.1926859112,2
923,565049.34473328,1488201.9358854,2
924,565141.02395136,1488203.9949892443,2
925,565232.8951896,1488197.3699974443,2
926,565385.9842296,1488235.3291085556,2
927,565445.0136153601,1488293.910633689,2
928,565502.0466052799,1488357.8054854,2
929,565557.08319936,1488427.0136636891,2
930,565610.1233975999,1488501.5351685558,2
931,565716.06108,1488633.771366667,2
932,565772.115888,1488680.6923866668,2
933,565829.331624,1488722.1330600001,2
934,565887.708288,1488758.0933866668,2
935,565947.24588,1488788.573366667,2
936,566051.26236,1488810.5481333334,2
937,566094.366816,1488811.5801466668,2
938,566137.2577679999,1488816.66904,2
939,566179.935216,1488825.814813333,2
940,566222.3991599999,1488839.0174666666,2
941,566337.44112,1488897.5278777778,2
942,566410.9398719999,1488931.708871111,2
943,566485.1458559999,1488958.81998,2
944,566560.059072,1488978.8612044444,2
945,566635.67952,1488991.8325444446,2
946,566788.8019200001,1488975.9075111113,2
947,566865.703392,1488961.3881511113,2
948,566942.7116159999,1488954.17592,2
949,567019.826592,1488954.2708177776,2
950,567097.04832,1488961.6728444446,2
951,567216.8274000001,1489018.1370222222,2
952,567260.2120800001,1489055.645368889,2
953,567304.53084,1489088.9070400002,2
954,567349.78368,1489117.9220355556,2
955,567395.9706000001,1489142.6903555556,2
956,567446.21076,1489228.5728444445,2
957,567447.3816960001,1489293.767617778,2
958,567446.604408,1489358.79632,2
959,567443.8788960001,1489423.6589511111,2
960,567439.20516,1489488.3555111112,2
961,559794.7237968001,1484226.727166778,2
962,559824.07485888,1484302.7454468447,2
963,559851.0356102401,1484381.2068701999,2
964,559875.60605088,1484462.1114368443,2
965,559897.7861808001,1484545.4591467779,2
966,560007.5252352001,1484693.5595843333,2
967,560098.6825027202,1484747.0536396,2
968,560191.0478025601,1484791.7321658,2
969,560284.6211347199,1484827.5951629335,2
970,560379.4024992001,1484854.6426310001,2
971,560527.5225672,1484885.8340477778,2
972,560578.90704192,1484903.5597664444,2
973,560629.54532016,1484926.051726,2
974,560679.43740192,1484953.3099264444,2
975,560728.5832872001,1484985.334367778,2
976,560812.1807784,1485067.1454454446,2
977,560848.4595782402,1485108.5720620446,2
978,560885.81937552,1485146.4048997997,2
979,560924.26017024,1485180.643958711,2
980,560963.7819624001,1485211.2892387777,2
981,561056.7497772,1485234.2215833333,2
982,561108.87034032,1485235.0098280003,2
983,561160.74644136,1485240.7054740002,2
984,561212.3780803201,1485251.3085213334,2
985,561263.7652572,1485266.8189700001,2
986,561377.0668260001,1485347.1102004445,2
987,561440.5560768,1485400.7741820444,2
988,561505.3757244,1485448.2287648,2
989,561571.5257688,1485489.473948711,2
990,561639.00621,1485524.509733778,2
991,561789.5295324001,1485583.3327144445,2
992,561869.7869870401,1485620.732521778,2
993,561948.5894119199,1485665.535542,2
994,562025.93680704,1485717.741775111,2
995,562101.8291724,1485777.351221111,2
996,562256.4491028001,1485949.537307778,2
997,562339.1713276801,1486046.5056364448,2
998,562424.43318264,1486135.268866,2
999,562512.23466768,1486215.8269964445,2
1000,562602.5757828,1486288.180027778,2
1001,562736.7687180002,1486379.161492889,2
1002,562777.0013784,1486409.656419289,2
1003,562816.1545092,1486443.8127392,2
1004,562854.2281104,1486481.6304526224,2
1005,562891.222182,1486523.1095595555,2
1006,562968.2854500001,1486621.2187374446,2
1007,563010.7078608001,1486669.9836805782,2
1008,563054.4039564,1486714.5448894002,2
1009,563099.3737367999,1486754.9023639113,2
1010,563145.617202,1486791.0561041113,2
1011,563150.1971964001,1486913.3152836668,2
1012,563104.8982862401,1486998.9932085334,2
1013,563057.2376215201,1487080.0398846,2
1014,563007.2152022402,1487156.4553118667,2
1015,562954.8310284,1487228.2394903335,2
1016,562950.1436148001,1487358.790066667,2
1017,563001.72094368,1487417.0810266668,2
1018,563054.81708664,1487470.2652999999,2
1019,563109.43204368,1487518.3428866665,2
1020,563165.5658148001,1487561.3137866666,2
1021,563280.8144400001,1487643.9282333334,2
1022,563336.6891040001,1487693.7317733336,2
1023,563390.842392,1487748.58862,2
1024,563443.2743040001,1487808.4987733334,2
1025,563493.98484,1487873.4622333334,2
1026,561999.84048,1490874.8120444447,2
1027,562005.8052480001,1490828.300271111,2
1028,562013.1311039999,1490782.5476799998,2
1029,562021.818048,1490737.5542711113,2
1030,562031.86608,1490693.3200444444,2
1031,562044.2092800001,1490542.3139555557,2
1032,562041.967488,1490435.4471955558,2
1033,562036.5498239999,1490329.2447199998,2
1034,562027.9562879999,1490223.706528889,2
1035,562016.1868799999,1490118.8326222224,2
1036,561995.7974148,1489977.6478602223,2
1037,561991.48106448,1489940.4238510223,2
1038,561988.29254904,1489902.9509724001,2
1039,561986.2318684801,1489865.2292243554,2
1040,561985.2990228,1489827.258606889,2
1041,562059.6417828001,1489762.9357068893,2
1042,562132.5021244801,1489730.106651022,2
1043,562204.07503704,1489690.5519524,2
1044,562274.3605204801,1489644.2716110223,2
1045,562343.3585748001,1489591.265626889,2
1046,562479.5906400001,1489446.9267000002,2
1047,562550.127024,1489369.294386667,2
1048,562622.678352,1489298.63706,2
1049,562697.244624,1489234.95472,2
1050,562773.8258400001,1489178.2473666668,2
1051,562922.0610000001,1489072.5846222225,2
1052,562989.56496,1489010.5570622224,2
1053,563054.93388,1488942.4323200001,2
1054,563118.16776,1488868.2103955555,2
1055,563179.2666,1488787.891288889,2
1056,563306.0512800001,1488668.6463000001,2
1057,563374.3658880001,1488642.365546667,2
1058,563443.174224,1488622.63274,2
1059,563512.476288,1488609.4478799999,2
1060,563582.27208,1488602.8109666666,2
1061,563691.77628,1488572.176777778,2
1062,563729.8166880001,1488538.1915111113,2
1063,563766.6828239999,1488500.7662000002,2
1064,563802.3746880002,1488459.9008444448,2
1065,563836.89228,1488415.5954444446,2
1066,563914.5043200002,1488340.1517111114,2
1067,563959.2801120002,1488316.7712711114,2
1068,564004.5629760001,1488297.7086800002,2
1069,564050.3529120001,1488282.963937778,2
1070,564096.6499200001,1488272.5370444446,2
1071,564213.2431200001,1488300.1760222225,2
1072,564283.5393120002,1488327.1863022223,2
1073,564354.342576,1488347.45884,2
1074,564425.6529120001,1488360.9936355557,2
1075,564497.4703200001,1488367.7906888889,2
1076,564613.36296,1488337.6013333334,2
1077,564657.518256,1488311.6230666665,2
1078,564702.2606880001,1488289.9152,2
1079,564747.590256,1488272.4777333334,2
1080,564793.50696,1488259.3106666668,2
1081,564860.2936800001,1488231.2268555555,2
1082,564879.8693280001,1488210.2841022222,2
1083,564898.737744,1488187.5857399998,2
1084,564916.898928,1488163.1317688886,2
1085,564934.35288,1488136.9221888888,2
1086,564993.35004,1488030.5773666666,2
1087,565037.6154240001,1487956.6816533336,2
1088,565083.8957519999,1487887.2698600001,2
1089,565132.1910239999,1487822.3419866667,2
1090,565182.50124,1487761.8980333335,2
1091,565271.87268,1487677.1424555557,2
1092,565307.811408,1487645.0966622224,2
1093,565342.642584,1487609.80062,2
1094,565376.366208,1487571.254328889,2
1095,565408.98228,1487529.457788889,2
1096,565490.8310400001,1487442.596666667,2
1097,565542.051984,1487405.7644666668,2
1098,565594.153632,1487373.9144000001,2
1099,565647.1359839999,1487347.0464666667,2
1100,565700.99904,1487325.1606666667,2
1101,565873.0866,1487261.3715666668,2
1102,565988.2286400001,1487203.8813066669,2
1103,566101.1689199999,1487135.78622,2
1104,566211.90744,1487057.0863066667,2
1105,566320.4442,1486967.7815666664,2
1106,566510.77968,1486833.4715555555,2
1107,566595.207168,1486807.1374222224,2
1108,566680.061664,1486788.8696,2
1109,566765.3431680001,1486778.668088889,2
1110,566851.05168,1486776.5328888888,2
1111,567002.6895600001,1486849.6041777777,2
1112,567069.713136,1486910.1726844443,2
1113,567138.257928,1486964.16952,2
1114,567208.3239359999,1487011.5946844441,2
1115,567279.91116,1487052.448177778,2
1116,567414.6021600001,1487065.793177778,2
1117,567476.371536,1487050.740017778,2
1118,567538.327728,1487041.57052,2
1119,567600.470736,1487038.2846844445,2
1120,567662.80056,1487040.8825111112,2
1121,567816.1564800001,1487006.1558555558,2
1122,567905.0875680001,1486954.7865022223,2
1123,567992.110464,1486895.25594,2
1124,568077.225168,1486827.564168889,2
1125,568160.43168,1486751.7111888889,2
1126,568245.96672,1486595.1595111112,2
1127,568252.3117920001,1486523.523551111,2
1128,568260.765216,1486452.7891199999,2
1129,568271.326992,1486382.9562177777,2
1130,568283.99712,1486314.0248444444,2
1131,568307.26572,1486197.3005777781,2
1132,568314.261312,1486148.1553911113,2
1133,568319.7623759999,1486098.55944,2
1134,568323.7689119999,1486048.5127244445,2
1135,568326.2809199999,1485998.0152444446,2
1136,563996.4893556,1487769.6179675555,2
1137,564059.5214409601,1487720.5674414225,2
1138,564123.74834808,1487677.6636816,2
1139,564189.1700769601,1487640.906688089,2
1140,564255.7866276001,1487610.296460889,2
1141,564369.6348000002,1487569.5817555557,2
1142,564414.8709600001,1487549.1550088888,2
1143,564459.3064800001,1487524.55276,2
1144,564502.94136,1487495.7750088887,2
1145,564545.7756,1487462.8217555557,2
1146,564625.63944,1487414.0087111113,2
1147,564663.549744,1487405.930537778,2
1148,564701.540112,1487401.45848,2
1149,564739.6105439999,1487400.5925377777,2
1150,564777.76104,1487403.3327111113,2
1151,564849.11808,1487429.7558111115,2
1152,564882.6048480001,1487446.606097778,2
1153,564916.451904,1487460.22986,2
1154,564950.6592480001,1487470.6270977778,2
1155,564985.2268800001,1487477.7978111112,2
1156,565058.0184000001,1487518.0404,2
1157,565094.5476000002,1487557.6127733334,2
1158,565129.7424,1487600.45912,2
1159,565163.6028,1487646.57944,2
1160,565196.1288000001,1487695.9737333334,2
1161,565241.76528,1487820.8829333333,2
1162,565258.238448,1487891.27336,2
1163,565276.739904,1487959.8132800001,2
1164,565297.269648,1488026.5026933332,2
1165,565319.8276800001,1488091.3416,2
1166,565338.8428800001,1488236.2386444446,2
1167,565330.8965280002,1488317.0559644448,2
1168,565320.574944,1488396.78196,2
1169,565307.8781280001,1488475.4166311112,2
1170,565292.8060799999,1488552.959977778,2
1171,565215.8946,1488637.9528,2
1172,565157.0976,1488651.9739466668,2
1173,565098.9678,1488671.4754399997,2
1174,565041.5051999999,1488696.45728,2
1175,564984.7098,1488726.9194666669,2
1176,564856.05696,1488780.5070555557,2
1177,564783.518976,1488791.2720222224,2
1178,564710.9676480001,1488795.1568999998,2
1179,564638.402976,1488792.161688889,2
1180,564565.8249600001,1488782.286388889,2
1181,564448.3644000001,1488739.048588889,2
1182,564403.0281600001,1488716.9314755555,2
1183,564357.22488,1488699.17966,2
1184,564310.95456,1488685.7931422223,2
1185,564264.2172000001,1488676.7719222223,2
1186,564194.4614400001,1488609.0979444447,2
1187,564173.9250240001,1488544.419177778,2
1188,564155.4035520001,1488478.0797000001,2
1189,564138.8970240001,1488410.0795111111,2
1190,564124.40544,1488340.4186111111,2
1191,564087.9357876,1488188.0459942224,2
1192,564061.7215329601,1488109.796608089,2
1193,564033.2860360799,1488034.3488416,2
1194,564002.62929696,1487961.7026947557,2
1195,563969.7513156,1487891.8581675556,2
1196,562785.3837456001,1482757.1671666666,2
1197,562724.86456896,1482798.8854160002,2
1198,562663.35847008,1482834.724748,2
1199,562600.8654489601,1482864.6851626667,2
1200,562537.3855056,1482888.76666,2
1201,562447.9296648001,1482938.3830734447,2
1202,562424.0411692802,1482971.9055355112,2
1203,562401.25315344,1483007.5366262002,2
1204,562379.5656172801,1483045.2763455112,2
1205,562358.9785608001,1483085.1246934445,2
1206,562281.4869504,1483220.5100150001,2
1207,562221.1335062401,1483307.8815093336,2
1208,562158.43165152,1483389.196153,2
1209,562093.3813862401,1483464.4539460002,2
1210,562025.9827104,1483533.6548883335,2
1211,561885.7451100001,1483648.5660143334,2
1212,561817.2728760001,1483706.5386516,2
1213,561750.818922,1483770.7168918,2
1214,561686.3832479999,1483841.1007349335,2
1215,561623.9658540001,1483917.6901810002,2
1216,561611.8371588001,1484082.003903889,2
1217,561657.36765408,1484167.4501595558,2
1218,561700.15822584,1484256.823997,2
1219,561740.20887408,1484350.125416222,2
1220,561777.5195988001,1484447.354417222,2
1221,561852.67284,1484608.3855666667,2
1222,561894.736464,1484664.0609066668,2
1223,561938.2812719999,1484715.53702,2
1224,561983.307264,1484762.8139066668,2
1225,562029.81444,1484805.8915666668,2
1226,562158.6674400001,1484884.0043,2
1227,562237.8107040001,1484930.49828,2
1228,562315.2325919999,1484984.25194,2
1229,562390.9331039999,1485045.26528,2
1230,562464.91224,1485113.5383,2
1231,562558.25352,1485274.6569333335,2
1232,562581.712272,1485357.6806266669,2
1233,562607.546256,1485438.14208,2
1234,562635.755472,1485516.0412933333,2
1235,562666.3399199999,1485591.3782666666,2
1236,562760.5652400001,1485710.2970444446,2
1237,562820.042784,1485761.826537778,2
1238,562877.7322320001,1485818.7414799999,2
1239,562933.633584,1485881.0418711114,2
1240,562987.74684,1485948.7277111113,2
1241,563103.2058,1486106.9401,2
1242,563168.4079200001,1486185.6044266669,2
1243,563235.67836,1486257.79198,2
1244,563305.01712,1486323.50276,2
1245,563376.4241999999,1486382.7367666666,2
1246,563520.60612,1486498.8679222222,2
1247,563588.950752,1486568.3864755556,2
1248,563654.9334959999,1486644.0496599998,2
1249,563718.5543520001,1486725.8574755555,2
1250,563779.81332,1486813.809922222,2
1251,563846.133,1486968.5229555555,2
1252,563855.2903199999,1487028.0238622224,2
1253,563866.18236,1487086.40972,2
1254,563878.80912,1487143.6805288892,2
1255,563893.1705999998,1487199.8362888887,2
1256,563947.18044,1487261.2826,2
1257,563984.6403840001,1487271.1756933336,2
1258,564021.646632,1487284.5562800001,2
1259,564058.199184,1487301.42436,2
1260,564094.29804,1487321.7799333334,2
1261,564166.2555600002,1487394.5250111113,2
1262,564203.755536,1487439.7022844446,2
1263,564242.443128,1487481.15482,2
1264,564282.318336,1487518.8826177777,2
1265,564323.3811599999,1487552.885677778,2
1266,564392.38632,1487620.737588889,2
1267,564417.846672,1487660.5412755557,2
1268,564442.0126560001,1487702.5750599997,2
1269,564464.884272,1487746.8389422223,2
1270,564486.4615200001,1487793.3329222223,2
1271,564520.53876,1487872.0387666668,2
1272,564535.1204160001,1487900.5258933336,2
1273,564550.489368,1487927.51838,2
1274,564566.6456159999,1487953.0162266667,2
1275,564583.58916,1487977.0194333333,2
1276,564620.0016000001,1488024.5276333333,2
1277,564637.8158399999,1488051.0930800003,2
1278,564654.76272,1488079.22434,2
1279,564670.8422399999,1488108.9214133334,2
1280,564686.0543999999,1488140.1843,2
1281,564726.2532,1488188.1966444445,2
1282,564752.37408,1488200.8654977782,2
1283,564778.76184,1488211.01956,2
1284,564805.41648,1488218.6588311114,2
1285,564832.3380000001,1488223.7833111112,2
1286,564890.5512000001,1488246.2029111113,2
1287,564920.7753600002,1488268.7648577779,2
1288,564950.19888,1488294.07884,2
1289,564978.8217600001,1488322.1448577777,2
1290,565006.644,1488352.9629111113,2
1291,565057.33452,1488407.0843000002,2
1292,565081.4437920001,1488425.28688,2
1293,565105.9934159999,1488441.1407400002,2
1294,565130.9833919998,1488454.6458800002,2
1295,565156.41372,1488465.8023,2
1296,565203.15108,1488498.1861666667,2
1297,565223.1770880001,1488523.541666667,2
1298,565242.362424,1488550.6765,2
1299,565260.707088,1488579.5906666666,2
1300,565278.21108,1488610.2841666667,2
1301,565321.04532,1488670.6925333333,2
1302,565347.856752,1488695.9946533334,2
1303,565375.308696,1488718.66336,2
1304,565403.401152,1488738.6986533334,2
1305,565432.13412,1488756.1005333331,2
1306,565496.68572,1488801.9183666667,2
1307,565530.702912,1488836.0281866668,2
1308,565563.5591760001,1488873.19846,2
1309,565595.254512,1488913.4291866669,2
1310,565625.78892,1488956.7203666668,2
1311,565739.9802,1489057.134077778,2
1312,565825.7988000001,1489102.9163244448,2
1313,565912.6182,1489140.41874,2
1314,566000.4384,1489169.6413244444,2
1315,566089.2594,1489190.5840777778,2
1316,566255.8926000001,1489218.9941,2
1317,566331.7032000001,1489241.78736,2
1318,566406.5129999999,1489271.62678,2
1319,566480.322,1489308.5123600003,2
1320,566553.1302,1489352.4441,2
1321,566594.7468,1489446.0666888892,2
1322,566566.02384,1489491.2261688889,2
1323,566538.7687199999,1489538.90044,2
1324,566512.98144,1489589.0895022221,2
1325,566488.662,1489641.7933555555,2
1326,563225.98728,1482317.2270000004,2
1327,563264.277888,1482328.792666667,2
1328,563302.061424,1482343.9170000001,2
1329,563339.337888,1482362.6,2
1330,563376.10728,1482384.8416666668,2
1331,563441.65968,1482434.336788889,2
1332,563471.4434880001,1482455.1371955557,2
1333,563501.721024,1482473.04322,2
1334,563532.492288,1482488.0548622222,2
1335,563563.75728,1482500.1721222221,2
1336,563625.40656,1482514.0805777777,2
1337,563654.950176,1482521.5181911113,2
1338,563684.146848,1482531.7078399998,2
1339,563712.996576,1482544.6495244445,2
1340,563741.49936,1482560.3432444443,2
1341,563817.9771600001,1482684.866922222,2
1342,563869.0880160001,1482785.7017422225,2
1343,563922.987768,1482881.2934599998,2
1344,563979.6764160001,1482971.6420755556,2
1345,564039.1539600001,1483056.747588889,2
1346,564106.2909600001,1483194.7645444446,2
1347,564109.413456,1483252.966537778,2
1348,564110.787888,1483311.2159799999,2
1349,564110.4142560001,1483369.5128711113,2
1350,564108.2925600001,1483427.857211111,2
1351,564046.5265200001,1483555.3761000002,2
1352,563991.0721920001,1483629.41416,2
1353,563938.059816,1483708.36318,2
1354,563887.489392,1483792.22316,2
1355,563839.36092,1483880.9941,2
1356,563635.7314800001,1492447.6537444445,2
1357,563626.4340480001,1492347.3527244446,2
1358,563620.165704,1492246.60094,2
1359,563616.9264480001,1492145.398391111,2
1360,563616.71628,1492043.745077778,2
1361,563627.8752,1491857.5971555556,2
1362,563633.67984,1491773.3635155556,2
1363,563636.94912,1491688.9400799999,2
1364,563637.6830399999,1491604.3268488888,2
1365,563635.8816,1491519.5238222224,2
1366,563631.32796,1491373.9150444446,2
1367,563632.8992160001,1491313.7024044446,2
1368,563636.258568,1491253.89308,2
1369,563641.4060160001,1491194.487071111,2
1370,563648.34156,1491135.4843777777,2
1371,563695.3458,1491038.4217444444,2
1372,563732.2252800001,1490996.6607911114,2
1373,563767.7036400001,1490951.60214,2
1374,563801.7808800001,1490903.2457911111,2
1375,563834.457,1490851.5917444446,2
1376,563894.8814676,1490744.8904624444,2
1377,563925.3525249601,1490696.218222578,2
1378,563957.14517208,1490650.6232804002,2
1379,563990.25940896,1490608.1056359112,2
1380,564024.6952356,1490568.6652891112,2
1381,564065.4444756,1490483.7021224448,2
1382,564068.96899296,1490434.976502578,2
1383,564071.02620408,1490386.1253804,2
1384,564071.6161089599,1490337.148755911,2
1385,564070.7387076,1490288.046629111,2
1386,564098.31792,1490176.038188889,2
1387,564129.883152,1490116.4839022222,2
1388,564163.089696,1490060.1561399999,2
1389,564197.9375519999,1490007.0549022222,2
1390,564234.42672,1489957.180188889,2
1391,564312.5058,1489876.9915666669,2
1392,564351.1867200001,1489839.9636400002,2
1393,564388.59996,1489799.44822,2
1394,564424.7455200001,1489755.4453066667,2
1395,564459.6234000002,1489707.9549,2
1396,564520.78896,1489569.4041444445,2
1397,564550.7328960001,1489485.0103644447,2
1398,564583.065408,1489403.7956599998,2
1399,564617.786496,1489325.760031111,2
1400,564654.89616,1489250.903477778,2
1401,564696.2458800001,1489117.1865777778,2
1402,564696.255888,1489055.4081244448,2
1403,564694.424424,1488993.89064,2
1404,564690.7514879999,1488932.6341244443,2
1405,564685.23708,1488871.6385777777,2
1406,564685.87092,1488751.0590888888,2
1407,564695.5686720001,1488692.3766755557,2
1408,564706.9744559999,1488634.8567599999,2
1409,564720.088272,1488578.4993422222,2
1410,564734.9101199999,1488523.304422222,2
1411,564800.1456,1488471.763066667,2
1412,564848.5843199999,1488469.6990400003,2
1413,564896.7561599999,1488463.0799200002,2
1414,564944.6611200001,1488451.9057066669,2
1415,564992.2992000001,1488436.1764,2
1416,565081.5205200001,1488359.3388555557,2
1417,565124.745072,1488307.0798355557,2
1418,565169.344056,1488259.1149400002,2
1419,565215.317472,1488215.444168889,2
1420,565262.66532,1488176.0675222224,2
1421,565376.33952,1488110.2025333333,2
1422,565439.930352,1488073.5838533335,2
1423,565502.160096,1488031.12896,2
1424,565563.0287520001,1487982.8378533332,2
1425,565622.5363200001,1487928.7105333335,2
1426,565639.75008,1487818.6884222224,2
1427,565600.578768,1487765.1660755558,2
1428,565563.1688639999,1487708.17996,2
1429,565527.5203679999,1487647.7300755556,2
1430,565493.63328,1487583.8164222222,2
1431,565488.1122000001,1487457.0982333336,2
1432,565512.78192,1487395.69344,2
1433,565535.51676,1487332.22462,2
1434,565556.31672,1487266.6917733334,2
1435,565575.1818,1487199.0949,2
1436,565611.1438800001,1487074.2153555558,2
1437,565631.670288,1487021.1556355555,2
1438,565653.691224,1486970.25484,2
1439,565677.206688,1486921.512968889,2
1440,565702.21668,1486874.9300222225,2
1441,565838.2254,1486793.0806888891,2
1442,565945.86144,1486745.7148355558,2
1443,566051.62932,1486688.40844,2
1444,566155.5290399999,1486621.161502222,2
1445,566257.5606,1486543.9740222225,2
1446,566421.942,1486430.304277778,2
1447,566486.4936,1486409.9309111112,2
1448,566551.3787999998,1486395.7259,2
1449,566616.5976000001,1486387.6892444447,2
1450,566682.15,1486385.8209444445,2
1451,566775.0909600002,1486328.1705444446,2
1452,566800.1309760001,1486264.1323377779,2
1453,566823.156048,1486198.0063800002,2
1454,566844.166176,1486129.7926711112,2
1455,566863.16136,1486059.4912111112,2
1456,566846.4980400001,1485922.185988889,2
1457,566815.002864,1485854.5891155556,2
1458,566785.6560719999,1485784.3113799999,2
1459,566758.457664,1485711.3527822222,2
1460,566733.4076400001,1485635.7133222225,2
1461,566695.22712,1485509.8551444449,2
1462,566678.653872,1485464.072897778,2
1463,566660.786256,1485420.04626,2
1464,566641.624272,1485377.775231111,2
1465,566621.1679199999,1485337.259811111,2
1466,566595.1304400001,1485224.3611111112,2
1467,566593.0587840001,1485150.3408444447,2
1468,566593.202232,1485076.4392000001,2
1469,566595.5607840001,1485002.6561777778,2
1470,566600.13444,1484928.991777778,2
1471,566611.27668,1484800.7908111115,2
1472,566613.988848,1484746.111897778,2
1473,566615.059704,1484691.40926,2
1474,566614.489248,1484636.6828977778,2
1475,566612.27748,1484581.9328111112,2
1476,566609.5252800001,1484487.5095222222,2
1477,566611.787088,1484448.2396355555,2
1478,566615.209824,1484409.34934,2
1479,566619.7934879999,1484370.8386355557,2
1480,566625.5380800001,1484332.7075222223,2
1481,562688.2519356002,1484447.9181693336,2
1482,562706.0898945602,1484488.6090316004,2
1483,562722.6393568801,1484530.8080568002,2
1484,562737.90032256,1484574.5152449335,2
1485,562751.8727916001,1484619.7305960003,2
1486,562808.8308216002,1484779.2418982224,2
1487,562856.1198225601,1484887.1168284891,2
1488,562906.4237668801,1484990.0789007999,2
1489,562959.7426545601,1485088.1281151557,2
1490,563016.0764856001,1485181.2644715556,2
1491,563112.2743824001,1485360.3060330001,2
1492,563146.1892926401,1485453.9226314668,2
1493,563177.16999072,1485550.3377654,2
1494,563205.21647664,1485649.5514348,2
1495,563230.3287504001,1485751.5636396667,2
1496,566435.7617136,1487462.0418144446,2
1497,566494.5809313601,1487430.1098984447,2
1498,566554.1025772799,1487403.855242,2
1499,566614.3266513601,1487383.2778451112,2
1500,566675.2531536,1487368.377707778,2
1501,566812.3537464001,1487338.1824211113,2
1502,566886.6799598401,1487310.3251784444,2
1503,566959.86072432,1487275.583102,2
1504,567031.89603984,1487233.9561917777,2
1505,567102.7859064001,1487185.444447778,2
1506,567259.9790604,1487049.2344052223,2
1507,567349.1986790402,1486977.1327936891,2
1508,567440.1891799201,1486913.7430354,2
1509,567532.9505630401,1486859.0651303555,2
1510,567627.4828284001,1486813.0990785556,2
1511,567806.9954904,1486786.8367116668,2
1512,567889.94759904,1486789.9994766668,2
1513,567972.64230192,1486785.333175,2
1514,568055.07959904,1486772.8378066665,2
1515,568137.2594904,1486752.5133716664,2
1516,568293.8601708,1486737.2306776668,2
1517,568367.63724528,1486756.9690002669,2
1518,568440.51319944,1486783.5748377999,2
1519,568512.4880332799,1486817.0481902666,2
1520,568583.5617468,1486857.3890576665,2
1521,568706.8821576001,1486909.585801,2
1522,568759.8056625599,1486909.5877582666,2
1523,568812.5048548799,1486904.6033118,2
1524,568864.97973456,1486894.6324616,2
1525,568917.2303016001,1486879.6752076666,2
1526,569035.5492144,1486818.6132325558,2
1527,569102.5906046402,1486783.9584027557,2
1528,569170.3807267201,1486755.7670605998,2
1529,569238.9195806399,1486734.039206089,2
1530,569308.2071663999,1486718.7748392222,2
