node_id,lat,lon,added
0,55.7524,37.7191,0
1,55.751436,37.716619,0
2,55.7074,37.6576,0
3,55.6877,37.5733,0
4,55.752433,37.60879,0
5,55.8088,37.639,0
6,55.6326,37.766,0
7,55.898,37.587,0
8,55.6971,37.4651,0
9,55.5828,37.5966,0
10,55.7522,37.6061,0
11,55.7518,37.6007,0
12,55.8003,37.5329,0
13,55.607087,37.287702,0
14,55.8694,37.6644,0
15,55.7438,37.4977,0
16,55.7612,37.5795,0
17,55.773,37.6806,0
18,55.7738,37.5468,0
19,55.8658,37.4764,0
20,55.7767,37.5835,0
21,55.7764,37.5844,0
22,55.6428,37.5257,0
23,55.8838,37.6034,0
24,55.7512,37.61,0
25,55.6004,37.5562,0
26,55.6334,37.7436,0
27,55.7511,37.6072,0
28,55.647746,37.370396,0
29,55.8449,37.6383,0
30,55.6597,37.7505,0
31,55.5455,37.543,0
32,55.5693,37.5769,0
33,55.8148,37.7342,0
34,55.538,37.5158,0
35,55.8133,37.6028,0
36,55.8211,37.6411,0
37,55.6533,37.6194,0
38,55.856,37.561,0
39,55.8473,37.5899,0
40,55.8398,37.4867,0
41,55.819,37.498,0
42,55.7253,37.6869,0
43,55.6909,37.753,0
44,55.8354,37.3822,0
45,55.7103,37.5592,0
46,55.6589,37.5393,0
47,55.7156,37.8181,0
48,55.626319,37.487647,0
49,55.659548,37.417254,0
50,55.7152,37.4517,0
51,55.749976,37.541074,0
52,55.7491,37.5395,0
53,55.7897,37.558,0
54,55.8069,37.5817,0
55,55.7291,37.6243,0
56,55.6108,37.7186,0
57,55.7816,37.6151,0
58,55.7186,37.676,0
59,55.6855,37.8563,0
60,55.6558,37.5735,0
61,55.6124,37.7453,0
62,55.7878,37.7814,0
63,55.6571,37.5405,0
64,55.6358,37.6564,0
65,55.653,37.5983,0
66,55.6551,37.6487,0
67,55.6551,37.6487,0
68,55.744339,37.565509,0
69,55.7436,37.5655,0
70,55.744654,37.565591,0
71,55.7553,37.6333,0
72,55.7553,37.6333,0
73,55.6748806,37.6822694,0
74,55.7074,37.6851,0
75,55.6785,37.6638,0
76,55.7753,37.6562,0
77,55.7748,37.6549,0
78,55.6333,37.5188,0
79,55.703423,37.850998,0
80,55.6743,37.8582,0
81,55.6137,37.7444,0
82,55.7613,37.5774,0
83,55.7801,37.6673,0
84,55.769,37.6487,0
85,55.7331,37.6673,0
86,55.7453,37.6037,0
87,55.7567,37.4081,0
88,55.7606,37.6259,0
89,55.7056,37.7656,0
90,55.7307,37.4459,0
91,55.7307,37.4459,0
92,55.7288,37.446,0
93,55.758039,37.658204,0
94,55.757,37.6595,0
95,55.7399,37.5344,0
96,55.7077,37.5861,0
97,55.7013,37.8525,0
98,55.5821,37.5769,0
99,55.764698,37.706759,0
100,55.8989,37.5446,0
101,55.707119,37.516196,0
102,55.7597,37.6272,0
103,55.708495,37.900963,0
104,55.6758,37.7618,0
105,55.7411,37.6543,0
106,55.7954,37.6162,0
107,55.7983667,37.6172667,0
108,55.65,37.7431,0
109,55.7701,37.5958,0
110,55.8872,37.6613,0
111,55.781,37.6011,0
112,55.724818,37.496675,0
113,55.8457,37.3622,0
114,55.689484,37.483044,0
115,55.6882,37.4853,0
116,55.761152,37.47139,0
117,55.7408,37.4168,0
118,55.7483,37.5339,0
119,55.8252,37.3852,0
120,55.683,37.6224,0
121,55.68442194,37.70356806,0
122,55.6724,37.6104,0
123,55.775701,37.485072,0
124,55.6627,37.6055,0
125,55.702884,37.928207,0
126,55.732471,37.728327,0
127,55.732471,37.728327,0
128,55.6699,37.5221,0
129,55.670902,37.520151,0
130,55.7517,37.8166,0
131,55.7451,37.8638,0
132,55.7415,37.6295,0
133,55.560396,37.46822,0
134,55.639645,37.355248,0
135,55.7799,37.6028,0
136,55.601,37.5541,0
137,55.6702,37.5544,0
138,55.670452,37.448459,0
139,55.846096,37.573971,0
140,55.718623,37.781277,0
141,55.7297,37.6091,0
142,55.7306,37.6112,0
143,55.7935,37.4935,0
144,55.568643,37.459332,0
145,55.6132,37.6949,0
146,55.8633,37.6047,0
147,55.7577,37.6166,0
148,55.7305,37.6377,0
149,55.7318,37.6379,0
150,55.7362,37.5182,0
151,55.7362,37.5182,0
152,55.7356,37.5943,0
153,55.7357,37.5915,0
154,55.7886,37.7506,0
155,55.7948,37.7993,0
156,55.7511,37.7866,0
157,55.791867,37.557221,0
158,55.8351,37.5745,0
159,55.8351,37.5745,0
160,55.6934,37.727,0
161,55.6946,37.7273611,0
162,55.736,37.4671,0
163,55.8607,37.4364,0
164,55.7472,37.6824,0
165,55.7566,37.6216,0
166,55.7775,37.5192,0
167,55.7379,37.618,0
168,55.553,37.493,0
169,55.6124,37.6044,0
170,55.7963,37.7151,0
171,55.586242,37.433802,0
172,55.7319,37.6659,0
173,55.6771,37.506,0
174,55.6784,37.504,0
175,55.7798,37.6318,0
176,55.7812,37.6318,0
177,55.678,37.5627,0
178,55.765,37.6079,0
179,55.625,37.298,0
180,55.8563,37.3544,0
181,55.697574,37.498477,0
182,55.634053,37.335158,0
183,55.8549,37.4761,0
184,55.7936,37.6362,0
185,55.793806,37.635889,0
186,55.7463,37.6819,0
187,55.633,37.4419,0
188,55.717,37.7933,0
189,55.7927,37.5885,0
190,55.7934,37.587,0
191,55.6219,37.4242,0
192,55.8552,37.6527,0
193,55.6524,37.5984,0
194,55.8665,37.5471,0
195,55.7833,37.7208,0
196,55.728,37.6246,0
197,55.7296,37.4706,0
198,55.7474,37.5823,0
199,55.7488,37.5825,0
200,55.8051,37.5153,0
201,55.7888,37.6802,0
202,55.79111,37.67889,0
203,55.649578,37.391081,0
204,55.818248,37.435751,0
205,55.7233,37.5639,0
206,55.7668,37.6392,0
207,55.727207,37.752257,0
208,55.8038,37.4031,0
209,55.7388,37.5483,0
210,55.7733,37.6319,0
211,55.8505,37.4396,0
212,55.7418,37.6517,0
213,55.7402,37.6522,0
214,55.7647,37.6065,0
215,55.7578,37.619,0
216,55.7088,37.7316,0
217,55.70847,37.72834389,0
218,55.748,37.4596,0
219,55.693861,37.664379,0
220,55.8176,37.5765,0
221,55.7412,37.6274,0
222,55.7412,37.6274,0
223,55.6459,37.4725,0
224,55.7688,37.62,0
225,55.7087,37.6229,0
226,55.7661,37.6374,0
227,55.8267,37.4368,0
228,55.616663,37.48129,0
229,55.6191,37.5082,0
230,55.765,37.5613,0
231,55.5949,37.6004,0
232,55.5418,37.5308,0
233,55.710176,37.879945,0
234,55.5481,37.5546,0
235,55.569,37.5767,0
236,55.6926,37.5333,0
237,55.648913,37.508355,0
238,55.9216,37.5465,0
239,55.601367,37.407645,0
240,55.746,37.515,0
241,55.7396,37.4833,0
242,55.8228,37.5881,0
243,55.7267,37.5786,0
244,55.878764,37.481493,0
245,55.776695,37.519124,0
246,55.786574,37.533222,0
247,55.6214,37.6694,0
248,55.7708,37.6187,0
249,55.8038,37.7448,0
250,55.6405,37.6067,0
251,55.764821,37.609087,0
252,55.7657,37.6388,0
253,55.7565,37.6573,0
254,55.7198,37.6083,0
255,55.6211,37.7437,0
256,55.7576,37.75,0
257,55.8086,37.4641,0
258,55.8094,37.7986,0
259,55.7817,37.7037,0
260,55.780292,37.703013,0
261,55.705352,37.817998,0
262,55.6637,37.4833,0
263,55.6224,37.609,0
264,55.6063,37.5333,0
265,55.8799,37.5454,0
266,55.740585555555555,37.63188111111112,2
267,55.74021022222223,37.636363111111116,2
268,55.74007400000001,37.640846,2
269,55.74017688888889,37.645329777777775,2
270,55.740518888888886,37.649814444444445,2
271,55.742741111111116,37.65884777777779,2
272,55.74413244444445,37.66344977777779,2
273,55.745274,37.668106,2
274,55.74616577777778,37.67281644444445,2
275,55.74680777777778,37.67758111111112,2
276,55.74725111111112,37.68863222222223,2
277,55.74762844444445,37.694818222222224,2
278,55.748332,37.700958,2
279,55.74936177777778,37.70705155555556,2
280,55.75071777777778,37.71309888888889,2
281,55.753953333333335,37.72413444444445,2
282,55.755232,37.72921511111112,2
283,55.756235999999994,37.734342,2
284,55.756965333333326,37.73951511111112,2
285,55.757419999999996,37.74473444444445,2
286,55.75570333333334,37.75595555555556,2
287,55.754132000000006,37.761968888888894,2
288,55.752886000000004,37.76804,2
289,55.75196533333334,37.774168888888894,2
290,55.75137,37.78035555555556,2
291,55.75186666666667,37.79158666666667,2
292,55.75236666666668,37.796578666666676,2
293,55.7526,37.801576,2
294,55.75256666666667,37.80657866666667,2
295,55.75226666666667,37.81158666666667,2
296,55.74955111111112,37.82432,2
297,55.74782177777779,37.83209866666667,2
298,55.746512,37.839935999999994,2
299,55.745621777777785,37.847832,2
300,55.74515111111111,37.85578666666666,2
301,55.72640666666667,37.446647777777784,2
302,55.724064,37.44741644444444,2
303,55.721772,37.448306,2
304,55.71953066666667,37.44931644444445,2
305,55.71734000000001,37.45044777777778,2
306,55.712481111111124,37.45433555555556,2
307,55.70964311111112,37.456810222222224,2
308,55.706686000000005,37.459124,2
309,55.703609777777785,37.46127688888889,2
310,55.70041444444444,37.46326888888889,2
311,55.69516777777778,37.46826888888889,2
312,55.693415111111115,37.47151688888889,2
313,55.691842,37.474844,2
314,55.69044844444444,37.47825022222223,2
315,55.689234444444445,37.48173555555556,2
316,55.686982222222234,37.48863444444444,2
317,55.68559822222223,37.491881777777785,2
318,55.684048000000004,37.495042,2
319,55.682331555555564,37.49811511111111,2
320,55.6804488888889,37.50110111111111,2
321,55.67658111111112,37.50682777777778,2
322,55.67492311111111,37.509731111111115,2
323,55.67342599999999,37.51271,2
324,55.67208977777778,37.51576444444444,2
325,55.67091444444444,37.51889444444444,2
326,55.66844888888889,37.52521111111111,2
327,55.666844888888896,37.528224444444454,2
328,55.665088,37.53114,2
329,55.66317822222223,37.53395777777778,2
330,55.661115555555554,37.536677777777776,2
331,55.65762333333334,37.54493111111111,2
332,55.65665066666667,37.55058977777778,2
333,55.655982,37.556276,2
334,55.65561733333334,37.56198977777778,2
335,55.65555666666667,37.567731111111115,2
336,55.655884444444446,37.577695555555565,2
337,55.65574844444445,37.58186622222223,2
338,55.655392,37.586012000000004,2
339,55.654815111111105,37.590132888888895,2
340,55.654017777777774,37.59422888888889,2
341,55.652581111111104,37.60182333333334,2
342,55.652349777777786,37.60534400000001,2
343,55.652305999999996,37.608862,2
344,55.652449777777775,37.612377333333335,2
345,55.65278111111111,37.61589000000001,2
346,55.65425111111112,37.62424333333334,2
347,55.654941777777786,37.629102666666675,2
348,55.655372,37.633978,2
349,55.655541777777785,37.63886933333333,2
350,55.65545111111112,37.64377666666667,2
351,55.657650780000004,37.65473446888889,2
352,55.660499954666676,37.66059311022222,2
353,55.663647524,37.666275924,2
354,55.667093488000006,37.67178291022222,2
355,55.67083784666667,37.67711406888889,2
356,55.6769441268889,37.68560714688889,2
357,55.67881833235556,37.689029705688895,2
358,55.6805032164,37.6925370764,2
359,55.68199877902222,37.69612925902222,2
360,55.68330502022222,37.69980625355556,2
361,55.685589549111114,37.707759745777786,2
362,55.68696865191112,37.71186095991112,2
363,55.688559248400004,37.7158717024,2
364,55.69036133857779,37.71979197324445,2
365,55.69237492244444,37.723621772444446,2
366,55.696933506444445,37.72721667611112,2
367,55.69925827697779,37.727195541111115,2
368,55.7015743116,37.727297695,2
369,55.703881610311115,37.72752313777778,2
370,55.70618017311111,37.72787186944444,2
371,55.712470542000005,37.72887443055556,2
372,55.71647093386667,37.72919162888889,2
373,55.7204711756,37.729295485,2
374,55.7244712672,37.72918599888889,2
375,55.72847120866666,37.728863170555556,2
376,55.73537165555556,37.72595422222223,2
377,55.73837638222222,37.72375002222222,2
378,55.74148518,37.7217144,2
379,55.74469804888888,37.71984735555556,2
380,55.74801498888888,37.71814888888889,2
381,55.75386544444444,37.71527037777778,2
382,55.75620724444445,37.713803871111125,2
383,55.7584614,37.71221948,2
384,55.760627911111115,37.71051720444444,2
385,55.76270677777778,37.70869704444445,2
386,55.76721375555556,37.705788133333336,2
387,55.769762808888906,37.70495588,2
388,55.77234516000001,37.70426224,2
389,55.7749608088889,37.70370721333333,2
390,55.77760975555556,37.7032908,2
391,55.782631066666674,37.6992329,2
392,55.78475570666667,37.69535664,2
393,55.786665920000004,37.691384219999996,2
394,55.78836170666668,37.68731564,2
395,55.78984306666668,37.6831509,2
396,55.790603755555566,37.67166325555556,2
397,55.79047974222223,37.664460475555565,2
398,55.790737959999994,37.65728166,2
399,55.79137840888889,37.65012680888889,2
400,55.792401088888894,37.64299592222223,2
401,55.79497994555556,37.632886632222224,2
402,55.79598835955556,37.6298437248889,2
403,55.796831241999996,37.626760278000006,2
404,55.79750859288889,37.623636291555556,2
405,55.79802041222222,37.62047176555556,2
406,55.79686632333334,37.612332621111115,2
407,55.79563498400001,37.60735439377778,2
408,55.794672682,37.602332018,2
409,55.79397941733333,37.59726549377778,2
410,55.79355519,37.592154821111116,2
411,55.79380625555556,37.58200276666667,2
412,55.79394780888889,37.577019160000006,2
413,55.79382466,37.57204918,2
414,55.79343680888889,37.567092826666666,2
415,55.79278425555556,37.5621501,2
416,55.79045152222223,37.55333878888889,2
417,55.789249368888896,37.549409528888894,2
418,55.78826054,37.54543322,2
419,55.78748503555556,37.541409862222224,2
420,55.78692285555556,37.53733945555555,2
421,55.7852407888889,37.5306528,2
422,55.783782262222225,37.52817141333334,2
423,55.78219841999999,37.52577784,2
424,55.78048926222222,37.52347208,2
425,55.778654788888886,37.521254133333336,2
426,55.77577262222222,37.51347075555556,2
427,55.77515292888889,37.50780867555556,2
428,55.774835919999994,37.502137760000004,2
429,55.77482159555555,37.496458008888894,2
430,55.77510995555555,37.49076942222223,2
431,55.77358021111111,37.48246835555557,2
432,55.77133780444445,37.47999403555556,2
433,55.76897378,37.47764904,2
434,55.766488137777785,37.475433368888886,2
435,55.76388087777778,37.47334702222222,2
436,55.758698,37.46971726666667,2
437,55.75634880000001,37.46792762666667,2
438,55.754104399999996,37.466021080000004,2
439,55.7519648,37.46399762666667,2
440,55.74992999999999,37.46185726666667,2
441,55.74510222222222,37.45690666666667,2
442,55.74208355555556,37.454384,2
443,55.738944000000004,37.452031999999996,2
444,55.73568355555555,37.44985066666666,2
445,55.73230222222222,37.44784,2
446,55.87671651111112,37.48035607777778,2
447,55.874623751111116,37.47933439111111,2
448,55.87248572,37.47842794,2
449,55.87030241777778,37.477636724444444,2
450,55.86807384444445,37.47696074444444,2
451,55.86397666666667,37.47659222222222,2
452,55.862156000000006,37.47668755555556,2
453,55.860338,37.476686,2
454,55.85852266666667,37.476587555555554,2
455,55.85671000000001,37.47639222222222,2
456,55.85214777777779,37.47753111111111,2
457,55.849489777777784,37.47909644444445,2
458,55.846926,37.480796,2
459,55.84445644444445,37.482629777777774,2
460,55.84208111111111,37.48459777777778,2
461,55.836584444444455,37.489045555555556,2
462,55.83326844444444,37.491206222222225,2
463,55.829852,37.493182,2
464,55.82633511111111,37.49497288888889,2
465,55.82271777777778,37.496578888888884,2
466,55.8162988888889,37.50057444444444,2
467,55.81375155555556,37.50327244444444,2
468,55.811358000000006,37.506094,2
469,55.809118222222224,37.50903911111111,2
470,55.80703222222222,37.512107777777786,2
471,55.80469111111111,37.51834,2
472,55.80412577777778,37.521337333333335,2
473,55.803404,37.524292,2
474,55.802525777777774,37.527204,2
475,55.80149111111112,37.530073333333334,2
476,55.79797555555556,37.53684777777778,2
477,55.795874222222224,37.54088977777778,2
478,55.793996,37.545026,2
479,55.79234088888889,37.549256444444445,2
480,55.79090888888889,37.553581111111114,2
481,55.78810000000001,37.562538888888895,2
482,55.78627333333334,37.56696222222224,2
483,55.784220000000005,37.57127,2
484,55.781940000000006,37.57546222222223,2
485,55.77943333333334,37.57953888888889,2
486,55.77532666666667,37.58540333333334,2
487,55.774062666666666,37.58736533333334,2
488,55.772908,37.589386,2
489,55.771862666666664,37.59146533333333,2
490,55.77092666666667,37.593603333333334,2
491,55.76943777777778,37.59770333333333,2
492,55.76868044444444,37.59955866666667,2
493,55.767827999999994,37.601366,2
494,55.76688044444444,37.60312533333334,2
495,55.765837777777776,37.604836666666664,2
496,55.763272222222234,37.60843,2
497,55.76195555555556,37.61042133333334,2
498,55.76075,37.612474,2
499,55.759655555555554,37.614588,2
500,55.75867222222223,37.61676333333334,2
501,55.75531666666668,37.62111222222223,2
502,55.75274,37.623079555555556,2
503,55.75007,37.624902,2
504,55.747306666666674,37.62657955555555,2
505,55.74445,37.62811222222223,2
506,55.73948444444445,37.63062222222222,2
507,55.73754177777778,37.631842222222225,2
508,55.73567200000001,37.63316,2
509,55.73387511111111,37.63457555555556,2
510,55.732151111111115,37.63608888888889,2
511,55.72709222222223,37.64153000000001,2
512,55.72350755555556,37.64515466666667,2
513,55.719746,37.648574,2
514,55.71580755555556,37.651788,2
515,55.711692222222226,37.65479666666667,2
516,55.70499285555556,37.658428966666676,2
517,55.7026459688889,37.659378280000006,2
518,55.70035934,37.66044794,2
519,55.69813296888889,37.66163794666667,2
520,55.695966855555554,37.6629483,2
521,55.69128796666667,37.66462385555556,2
522,55.68872008,37.66473216888889,2
523,55.686157339999994,37.66470394,2
524,55.683599746666665,37.66453916888889,2
525,55.6810473,37.664237855555555,2
526,55.67493555555556,37.660763333333335,2
527,55.67123688888889,37.65793466666667,2
528,55.667404,37.655314,2
529,55.66343688888889,37.65290133333333,2
530,55.65933555555556,37.65069666666667,2
531,55.65205444444445,37.65041222222223,2
532,55.64894044444445,37.65195288888889,2
533,55.645758,37.653321999999996,2
534,55.642507111111115,37.65451955555555,2
535,55.63918777777778,37.655545555555555,2
536,55.63311111111112,37.65824666666668,2
537,55.63053777777779,37.66022133333334,2
538,55.62808,37.662324,2
539,55.625737777777786,37.664554666666675,2
540,55.623511111111114,37.66691333333334,2
541,55.6206,37.67383222222223,2
542,55.61957333333334,37.67819155555556,2
543,55.618320000000004,37.682477999999996,2
544,55.616839999999996,37.686691555555555,2
545,55.61513333333333,37.69083222222222,2
546,55.612273333333334,37.69879666666667,2
547,55.61155733333334,37.70271466666667,2
548,55.611052,37.706654,2
549,55.61075733333333,37.71061466666667,2
550,55.61067333333333,37.714596666666665,2
551,55.611856666666675,37.72283555555556,2
552,55.612684,37.727096888888894,2
553,55.613282,37.731384000000006,2
554,55.61365066666667,37.735696888888896,2
555,55.61379,37.74003555555556,2
556,55.61637,37.74842,2
557,55.619232,37.752272000000005,2
558,55.622285999999995,37.755956,2
559,55.62553199999999,37.759472,2
560,55.628969999999995,37.762820000000005,2
561,55.602345555555566,37.55075111111112,2
562,55.60350622222223,37.547355111111116,2
563,55.604482,37.543912,2
564,55.60527288888889,37.54042177777778,2
565,55.605878888888896,37.536884444444446,2
566,55.607875555555566,37.52883222222223,2
567,55.60967422222224,37.52447822222223,2
568,55.611696,37.520238,2
569,55.61394088888889,37.516111555555554,2
570,55.6164088888889,37.51209888888889,2
571,55.62123111111112,37.51028222222223,2
572,55.62345644444445,37.51223822222223,2
573,55.625775999999995,37.514068,2
574,55.62818977777778,37.51577155555556,2
575,55.63069777777778,37.51734888888889,2
576,55.63503666666667,37.51973888888889,2
577,55.63671200000001,37.520762222222224,2
578,55.638326,37.52187,2
579,55.63987866666667,37.52306222222222,2
580,55.64137,37.52433888888889,2
581,55.64485444444445,37.52848444444445,2
582,55.64704044444445,37.53114177777778,2
583,55.64935800000001,37.533672,2
584,55.65180711111111,37.53607511111112,2
585,55.654387777777785,37.53835111111111,2
586,55.65959222222223,37.542525555555564,2
587,55.6619608888889,37.54466755555556,2
588,55.664206,37.546926,2
589,55.666327555555554,37.549300888888894,2
590,55.66832555555556,37.551792222222225,2
591,55.671315555555566,37.55595666666667,2
592,55.672504888888895,37.557444000000004,2
593,55.673767999999995,37.558862,2
594,55.67510488888889,37.56021066666666,2
595,55.676515555555554,37.561490000000006,2
596,55.67985222222222,37.56425111111112,2
597,55.681610222222226,37.56588844444445,2
598,55.683274,37.567612,2
599,55.68484355555556,37.56942177777778,2
600,55.68631888888889,37.57131777777778,2
601,55.69074888888889,37.575877777777784,2
602,55.69391155555556,37.57827777777779,2
603,55.697188,37.5805,2
604,55.70057822222222,37.58254444444445,2
605,55.704082222222226,37.584411111111116,2
606,55.710210000000004,37.589531111111114,2
607,55.71252266666667,37.59306977777778,2
608,55.714638,37.596716,2
609,55.716556000000004,37.600469777777775,2
610,55.71827666666667,37.60433111111111,2
611,55.72153555555556,37.60902333333333,2
612,55.723296888888896,37.609650666666674,2
613,55.725084,37.610181999999995,2
614,55.726896888888895,37.61061733333334,2
615,55.72873555555556,37.61095666666667,2
616,55.73272666666667,37.613664444444446,2
617,55.73470933333334,37.61622311111111,2
618,55.736548,37.618876,2
619,55.73824266666667,37.621623111111106,2
620,55.73979333333333,37.62446444444445,2
621,55.74341888888889,37.62869666666667,2
622,55.74569022222223,37.62986800000001,2
623,55.748014,37.630914,2
624,55.75039022222222,37.63183466666666,2
625,55.752818888888896,37.63263,2
626,55.75719111111112,37.63374333333334,2
627,55.759045777777786,37.63428266666667,2
628,55.760864,37.634918,2
629,55.76264577777778,37.63564933333333,2
630,55.76439111111112,37.63647666666667,2
631,55.76742222222223,37.63664333333334,2
632,55.76869555555556,37.63582266666667,2
633,55.76992,37.634938000000005,2
634,55.771095555555554,37.63398933333333,2
635,55.772222222222226,37.63297666666667,2
636,55.77461444444445,37.631707777777784,2
637,55.775929777777776,37.63158577777779,2
638,55.77724599999999,37.631534,2
639,55.77856311111111,37.631552444444445,2
640,55.77988111111111,37.63164111111111,2
641,55.783168888888895,37.63280888888889,2
642,55.78517688888889,37.63370755555556,2
643,55.787224,37.634496,2
644,55.78931022222222,37.63517422222222,2
645,55.79143555555556,37.63574222222222,2
646,55.79619555555556,37.6363288888889,2
647,55.79876622222223,37.6365928888889,2
648,55.801311999999996,37.636992000000006,2
649,55.80383288888889,37.637526222222235,2
650,55.80632888888889,37.63819555555556,2
651,55.81080333333333,37.63962333333334,2
652,55.812825333333336,37.64013733333334,2
653,55.814865999999995,37.640542,2
654,55.81692533333333,37.64083733333334,2
655,55.819003333333335,37.64102333333334,2
656,55.82500444444445,37.64010444444445,2
657,55.828933777777785,37.63932044444445,2
658,55.832888,37.63874800000001,2
659,55.83686711111111,37.638387111111115,2
660,55.84087111111111,37.638237777777775,2
661,55.846296666666674,37.640928888888894,2
662,55.84782133333335,37.64346622222223,2
663,55.849474,37.645912,2
664,55.85125466666668,37.648266222222226,2
665,55.85316333333334,37.65052888888889,2
666,55.857826666666675,37.65433444444445,2
667,55.860349333333346,37.656095111111114,2
668,55.862768,37.657982000000004,2
669,55.865082666666666,37.659995111111115,2
670,55.867293333333336,37.66213444444445,2
671,55.872435555555555,37.664278888888894,2
672,55.87544355555556,37.663999555555556,2
673,55.878423999999995,37.663562,2
674,55.88137688888889,37.662966222222224,2
675,55.88430222222222,37.66221222222222,2
676,55.75250727777778,37.60742760000001,2
677,55.75250964444445,37.60607082666667,2
678,55.7524401,37.60471968,2
679,55.75229864444445,37.60337416,2
680,55.75208527777778,37.60203426666667,2
681,55.750895555555566,37.59773333333334,2
682,55.7501528888889,37.59474,2
683,55.749572,37.59172,2
684,55.749152888888894,37.58867333333333,2
685,55.74889555555556,37.5856,2
686,55.74831111111112,37.579551111111115,2
687,55.74767111111112,37.576648444444444,2
688,55.746880000000004,37.573792,2
689,55.74593777777778,37.570981777777774,2
690,55.74484444444445,37.568217777777775,2
691,55.74241777777778,37.562740000000005,2
692,55.741388444444446,37.55993733333334,2
693,55.740512,37.557092,2
694,55.73978844444444,37.554204,2
695,55.73921777777778,37.551273333333334,2
696,55.739292222222225,37.546007777777774,2
697,55.73966088888889,37.54370577777778,2
698,55.739906,37.541394,2
699,55.74002755555556,37.53907244444444,2
700,55.74002555555556,37.53674111111111,2
701,55.74048555555556,37.53103111111111,2
702,55.74124355555556,37.52771644444445,2
703,55.742174000000006,37.524456,2
704,55.743276888888886,37.52124977777778,2
705,55.744552222222225,37.51809777777778,2
706,55.74601777777779,37.51206777777778,2
707,55.74588177777778,37.509155111111106,2
708,55.745592,37.506262,2
709,55.74514844444445,37.50338844444444,2
710,55.74455111111111,37.50053444444444,2
711,55.74278000000001,37.49539333333333,2
712,55.741888,37.49304933333334,2
713,55.741124,37.490668,2
714,55.740488000000006,37.48824933333333,2
715,55.73998,37.48579333333333,2
716,55.739360000000005,37.480520000000006,2
717,55.73897600000001,37.47777200000001,2
718,55.738448,37.475056,2
719,55.737776,37.47237200000001,2
720,55.736959999999996,37.46972,2
721,55.73464555555555,37.46368444444445,2
722,55.73347955555556,37.46022177777779,2
723,55.732502,37.456712,2
724,55.731712888888886,37.453155111111116,2
725,55.73111222222222,37.44955111111112,2
726,55.74520546666667,37.561570688888885,2
727,55.746593813333334,37.55758470222223,2
728,55.74776504,37.553542039999996,2
729,55.74871914666666,37.54944270222222,2
730,55.749456133333325,37.54528668888889,2
731,55.74953724444444,37.53991557777778,2
732,55.74916225777778,37.538742257777784,2
733,55.74885104,37.53755404,2
734,55.74860359111111,37.53635092444445,2
735,55.748419911111114,37.53513291111111,2
736,55.571112222222226,37.58048333333334,2
737,55.57309955555556,37.58394666666667,2
738,55.575261999999995,37.58729,2
739,55.57759955555555,37.59051333333334,2
740,55.58011222222222,37.59361666666667,2
741,55.584901111111115,37.59696444444445,2
742,55.58696844444445,37.597436444444455,2
743,55.589002,37.598016,2
744,55.59100177777778,37.598703111111114,2
745,55.59296777777778,37.59949777777778,2
746,55.597727777777784,37.60145555555556,2
747,55.600591111111115,37.602355555555555,2
748,55.60349,37.6031,2
749,55.60642444444444,37.60368888888889,2
750,55.60939444444445,37.60412222222222,2
751,55.61416888888889,37.60494444444445,2
752,55.6158968888889,37.60557777777778,2
753,55.617584,37.606300000000005,2
754,55.61923022222223,37.60711111111111,2
755,55.62083555555556,37.60801111111112,2
756,55.625467777777786,37.6090188888889,2
757,55.62851511111112,37.608876888888894,2
758,55.631542,37.608574,2
759,55.63454844444445,37.60811022222222,2
760,55.63753444444445,37.607485555555556,2
761,55.6422988888889,37.60505222222223,2
762,55.64417155555556,37.603510222222226,2
763,55.646118,37.602073999999995,2
764,55.64813822222223,37.60074355555555,2
765,55.65023222222223,37.59951888888889,2
766,55.653958888888894,37.599812222222226,2
767,55.65558088888889,37.6011328888889,2
768,55.657266,37.602362,2
769,55.659014222222225,37.60349955555556,2
770,55.66082555555556,37.60454555555556,2
771,55.66442555555556,37.606101111111116,2
772,55.66610755555556,37.60678844444445,2
773,55.667746,37.607562,2
774,55.6693408888889,37.60842177777778,2
775,55.67089222222222,37.60936777777778,2
776,55.67390000000001,37.612635555555556,2
777,55.67550666666668,37.6147768888889,2
778,55.67722,37.616823999999994,2
779,55.67904,37.61877688888889,2
780,55.68096666666666,37.62063555555555,2
781,55.687294444444454,37.62191222222223,2
782,55.691584444444445,37.621652888888896,2
783,55.69587,37.621622,2
784,55.70015111111111,37.62181955555556,2
785,55.70442777777778,37.62224555555556,2
786,55.7118788888889,37.62361222222223,2
787,55.7150728888889,37.624152888888894,2
788,55.718282,37.624522,2
789,55.72150622222223,37.62471955555556,2
790,55.72474555555556,37.62474555555556,2
791,55.729503333333334,37.62328000000001,2
792,55.73106533333334,37.622048000000014,2
793,55.732686,37.620904,2
794,55.734365333333336,37.619848000000005,2
795,55.73610333333333,37.618880000000004,2
796,55.74034,37.61649333333334,2
797,55.742684000000004,37.61486933333333,2
798,55.744932000000006,37.613128,2
799,55.747084,37.61126933333333,2
800,55.74914,37.60929333333333,2
801,55.75342876666667,37.60720958888889,2
802,55.75574076,37.60734114222223,2
803,55.75803598,37.607594660000004,2
804,55.76031442666667,37.60797014222223,2
805,55.7625761,37.60846758888889,2
806,55.76560387777778,37.610822033333335,2
807,55.76647220444444,37.61250392,2
808,55.76742598,37.61413266,2
809,55.76846520444444,37.61570825333334,2
810,55.769589877777776,37.6172307,2
811,55.772108888888894,37.615539999999996,2
812,55.77357422222223,37.612470666666674,2
813,55.775196,37.609491999999996,2
814,55.77697422222222,37.606604000000004,2
815,55.77890888888889,37.60380666666667,2
816,55.78323000000001,37.59926000000001,2
817,55.785348000000006,37.597316000000006,2
818,55.787354,37.595268000000004,2
819,55.789248,37.59311600000001,2
820,55.791030000000006,37.590860000000006,2
821,55.79491555555556,37.58705111111111,2
822,55.79719155555557,37.58572844444444,2
823,55.79952800000001,37.584531999999996,2
824,55.80192488888889,37.58346177777777,2
825,55.80438222222222,37.582517777777774,2
826,55.80879888888889,37.58107111111111,2
827,55.810651555555566,37.58034711111111,2
828,55.812458,37.579527999999996,2
829,55.81421822222222,37.578613777777775,2
830,55.81593222222222,37.57760444444445,2
831,55.82047222222223,37.57577777777778,2
832,55.82336222222222,37.575211111111116,2
833,55.826269999999994,37.5748,2
834,55.82919555555556,37.57454444444445,2
835,55.83213888888889,37.57444444444445,2
836,55.83679111111112,37.577337777777785,2
837,55.838619111111115,37.58006711111112,2
838,55.840584,37.582688000000005,2
839,55.842685777777774,37.585200444444446,2
840,55.844924444444445,37.587604444444445,2
841,55.850295555555554,37.59201111111112,2
842,55.853159555555564,37.594264444444455,2
843,55.855892000000004,37.59666,2
844,55.85849288888889,37.59919777777778,2
845,55.86096222222223,37.60187777777778,2
846,55.86674555555557,37.60493888888889,2
847,55.870179555555566,37.60499555555556,2
848,55.873602000000005,37.60487,2
849,55.87701288888889,37.60456222222223,2
850,55.88041222222223,37.60407222222222,2
851,55.88580222222223,37.60035111111112,2
852,55.88795022222223,37.597428444444446,2
853,55.890244,37.594632000000004,2
854,55.892683555555564,37.59196177777778,2
855,55.89526888888889,37.58941777777778,2
856,55.85436,37.35546444444445,2
857,55.85248933333334,37.35662311111112,2
858,55.850688,37.357876000000005,2
859,55.848956,37.35922311111112,2
860,55.84729333333333,37.36066444444445,2
861,55.84442777777778,37.36576222222222,2
862,55.84297777777778,37.369232888888895,2
863,55.84135,37.372612000000004,2
864,55.83954444444444,37.37589955555556,2
865,55.837561111111114,37.37909555555556,2
866,55.83363333333334,37.38247333333334,2
867,55.83189333333334,37.38283733333334,2
868,55.83018,37.383292,2
869,55.82849333333334,37.38383733333333,2
870,55.82683333333334,37.38447333333333,2
871,55.822031111111116,37.38865888888889,2
872,55.81870311111112,37.391927555555554,2
873,55.815216,37.395005999999995,2
874,55.811569777777784,37.39789422222222,2
875,55.80776444444445,37.40059222222222,2
876,55.795838888888895,37.402886666666674,2
877,55.78792222222223,37.403092,2
878,55.78005,37.403715999999996,2
879,55.772222222222226,37.404758666666666,2
880,55.76443888888889,37.40622,2
881,55.75424333333334,37.40990333333333,2
882,55.75170933333334,37.41156533333334,2
883,55.749098000000004,37.413086,2
884,55.74640933333333,37.41446533333334,2
885,55.74364333333334,37.41570333333334,2
886,55.73847,37.421425555555565,2
887,55.73639866666667,37.4261408888889,2
888,55.73458599999999,37.430946,2
889,55.733032,37.43584088888889,2
890,55.73173666666666,37.44082555555556,2
891,55.73106555555555,37.45004111111111,2
892,55.73121155555556,37.45417244444445,2
893,55.731138,37.458293999999995,2
894,55.73084488888889,37.462405777777775,2
895,55.73033222222222,37.46650777777778,2
896,55.729642222222225,37.47868,2
897,55.730107555555556,37.486701333333336,2
898,55.730996,37.494664,2
899,55.73230755555555,37.502568000000004,2
900,55.73404222222222,37.51041333333333,2
901,55.738607811111116,37.52590396666667,2
902,55.74059509777778,37.53368028,2
903,55.742161859999996,37.54152894,2
904,55.74330809777777,37.54944994666667,2
905,55.74403381111111,37.5574433,2
906,55.744476033333335,37.56837552222222,2
907,55.74476232000001,37.57121483555556,2
908,55.74519786,37.574026939999996,2
909,55.745782653333336,37.57681183555555,2
910,55.7465167,37.579569522222215,2
911,55.7487288888889,37.58616000000001,2
912,55.74984622222223,37.59006266666667,2
913,55.750752000000006,37.594008,2
914,55.75144622222223,37.597996,2
915,55.75192888888889,37.60202666666667,2
916,55.752588888888894,37.608781111111114,2
917,55.75311555555557,37.611423111111115,2
918,55.75378,37.614025999999996,2
919,55.754582222222226,37.616589777777776,2
920,55.755522222222226,37.61911444444445,2
921,55.75765325555555,37.62766868888889,2
922,55.75838114222223,37.6337501688889,2
923,55.75878366,37.639844440000005,2
924,55.75886080888888,37.645951502222225,2
925,55.75861258888889,37.652071355555556,2
926,55.76003481111111,37.66226913333334,2
927,55.762229697777784,37.66620128000001,2
928,55.76462366,37.670000439999995,2
929,55.76721669777778,37.67366661333333,2
930,55.77000881111112,37.6771998,2
931,55.774963333333346,37.68425666666667,2
932,55.77672133333334,37.687990666666664,2
933,55.778274,37.691801999999996,2
934,55.77962133333334,37.695690666666664,2
935,55.78076333333334,37.69965666666666,2
936,55.78158666666667,37.706585555555556,2
937,55.78162533333334,37.70945688888889,2
938,55.781816,37.71231399999999,2
939,55.78215866666666,37.715156888888885,2
940,55.78265333333333,37.71798555555555,2
941,55.784845555555556,37.725648888888884,2
942,55.78612622222222,37.730544888888886,2
943,55.787141999999996,37.735488,2
944,55.78789288888889,37.74047822222222,2
945,55.78837888888889,37.745515555555556,2
946,55.78778222222223,37.75571555555556,2
947,55.78723822222223,37.760838222222226,2
948,55.786968,37.765967999999994,2
949,55.78697155555555,37.771104888888885,2
950,55.7872488888889,37.77624888888889,2
951,55.789364444444445,37.78422777777778,2
952,55.79076977777778,37.78711777777778,2
953,55.792016000000004,37.79007,2
954,55.79310311111111,37.793084444444446,2
955,55.79403111111111,37.79616111111112,2
956,55.797248888888895,37.799507777777784,2
957,55.79969155555556,37.799585777777786,2
958,55.802127999999996,37.799534,2
959,55.80455822222222,37.79935244444445,2
960,55.806982222222224,37.79904111111111,2
961,55.60984365555556,37.28981640000001,2
962,55.6126918488889,37.291771573333335,2
963,55.61563158,37.29356752,2
964,55.61866284888889,37.295204240000004,2
965,55.621785655555556,37.29668173333334,2
966,55.62733456666667,37.30399182222223,2
967,55.62933884,37.31006411555556,2
968,55.631012819999995,37.316216880000006,2
969,55.63235650666667,37.322450115555554,2
970,55.633369900000005,37.32876382222223,2
971,55.63453855555556,37.3386306,2
972,55.63520268888889,37.34205349333333,2
973,55.6360454,37.34542668,2
974,55.637066688888886,37.34875016,2
975,55.63826655555556,37.352023933333335,2
976,55.6413317888889,37.357592644444445,2
977,55.64288392888889,37.360009297777786,2
978,55.64430141999999,37.36249796,2
979,55.64558426222222,37.36505863111111,2
980,55.64673245555555,37.367691311111116,2
981,55.64759166666667,37.37388421111112,2
982,55.64762120000001,37.37735613777778,2
983,55.6478346,37.38081178,2
984,55.64823186666667,37.38425113777778,2
985,55.648813000000004,37.38767421111111,2
986,55.65182128888889,37.39522161111112,2
987,55.65383192888889,37.399450844444445,2
988,55.655609919999996,37.4037687,2
989,55.65715526222222,37.40817517777778,2
990,55.65846795555556,37.41267027777778,2
991,55.66067188888889,37.42269714444445,2
992,55.66207315555556,37.42804336444445,2
993,55.6637518,37.43329266,2
994,55.665707822222224,37.438445031111115,2
995,55.66794122222222,37.443500477777775,2
996,55.674392555555556,37.45380023333334,2
997,55.6780256888889,37.459310640000005,2
998,55.6813514,37.46499022,2
999,55.68436968888889,37.470838973333336,2
1000,55.68708055555556,37.4768569,2
1001,55.69048937777778,37.485795944444455,2
1002,55.691631937777785,37.48847597777778,2
1003,55.69291168,37.4910841,2
1004,55.69432860444445,37.493620311111115,2
1005,55.69588271111111,37.496084611111115,2
1006,55.6995585888889,37.50121805555556,2
1007,55.70138567555557,37.50404395555556,2
1008,55.703055260000006,37.5069547,2
1009,55.70456734222223,37.50995028888889,2
1010,55.705921922222224,37.513030722222226,2
1011,55.71050263333334,37.51333581111112,2
1012,55.71371274666667,37.51031829777778,2
1013,55.71674934,37.50714346,2
1014,55.71961241333334,37.50381129777779,2
1015,55.72230196666667,37.500321811111114,2
1016,55.72719333333334,37.50000956666667,2
1017,55.72937733333334,37.50344530666667,2
1018,55.73137,37.506982220000005,2
1019,55.73317133333333,37.51062030666667,2
1020,55.73478133333333,37.51435956666667,2
1021,55.73787666666667,37.52203666666667,2
1022,55.73974266666668,37.525758666666675,2
1023,55.741798,37.529366,2
1024,55.74404266666667,37.53285866666667,2
1025,55.746476666666666,37.53623666666667,2
1026,55.8589288888889,37.436706666666666,2
1027,55.857186222222225,37.437104000000005,2
1028,55.85547199999999,37.437591999999995,2
1029,55.853786222222226,37.438170666666664,2
1030,55.852128888888885,37.43884,2
1031,55.846471111111114,37.439662222222225,2
1032,55.84246711111112,37.43951288888889,2
1033,55.838488,37.43915199999999,2
1034,55.83453377777778,37.43857955555555,2
1035,55.83060444444445,37.43779555555555,2
1036,55.82531464444445,37.43643734444445,2
1037,55.82391996444445,37.43614981777778,2
1038,55.822515960000004,37.43593742,2
1039,55.82110263111111,37.43580015111112,2
1040,55.81967997777778,37.43573801111111,2
1041,55.81726997777779,37.44069023333334,2
1042,55.81603996444444,37.445543706666676,2
1043,55.81455796,37.450311420000006,2
1044,55.81282396444445,37.45499337333334,2
1045,55.81083797777778,37.45958956666667,2
1046,55.80543000000001,37.46866444444445,2
1047,55.802521333333345,37.47336311111111,2
1048,55.799874,37.478196,2
1049,55.797488,37.48316311111111,2
1050,55.79536333333334,37.48826444444445,2
1051,55.79140444444445,37.498138888888896,2
1052,55.78908044444445,37.50263555555556,2
1053,55.786528000000004,37.50699,2
1054,55.78374711111111,37.511202222222224,2
1055,55.78073777777779,37.51527222222222,2
1056,55.776270000000004,37.52371777777778,2
1057,55.77528533333334,37.52826844444445,2
1058,55.774546,37.532852,2
1059,55.774052,37.53746844444444,2
1060,55.77380333333333,37.542117777777776,2
1061,55.772655555555566,37.54941222222222,2
1062,55.77138222222223,37.55194622222223,2
1063,55.769980000000004,37.554401999999996,2
1064,55.7684488888889,37.556779555555565,2
1065,55.7667888888889,37.55907888888889,2
1066,55.76396222222223,37.5642488888889,2
1067,55.763086222222235,37.567231555555566,2
1068,55.762372000000006,37.57024800000001,2
1069,55.76181955555556,37.573298222222235,2
1070,55.761428888888894,37.57638222222223,2
1071,55.762464444444454,37.5841488888889,2
1072,55.76347644444445,37.588831555555565,2
1073,55.764236,37.593548,2
1074,55.764743111111116,37.598298222222226,2
1075,55.76499777777778,37.60308222222223,2
1076,55.76386666666667,37.610802222222226,2
1077,55.76289333333333,37.61374355555556,2
1078,55.76208,37.616724000000005,2
1079,55.761426666666665,37.61974355555556,2
1080,55.76093333333334,37.62280222222223,2
1081,55.75988111111111,37.62725111111112,2
1082,55.759096444444445,37.62855511111112,2
1083,55.75824599999999,37.629812,2
1084,55.75732977777777,37.631021777777775,2
1085,55.756347777777776,37.63218444444445,2
1086,55.752363333333335,37.636114444444445,2
1087,55.749594666666674,37.63906311111111,2
1088,55.746994,37.642146,2
1089,55.74456133333334,37.64536311111111,2
1090,55.74229666666667,37.648714444444444,2
1091,55.73912111111112,37.65466777777778,2
1092,55.73792044444445,37.65706177777778,2
1093,55.736598,37.659382,2
1094,55.73515377777778,37.661628444444446,2
1095,55.733587777777785,37.66380111111111,2
1096,55.73033333333334,37.66925333333334,2
1097,55.72895333333334,37.672665333333335,2
1098,55.72776,37.676136,2
1099,55.726753333333335,37.67966533333333,2
1100,55.72593333333333,37.68325333333333,2
1101,55.72354333333334,37.69471666666667,2
1102,55.72138933333334,37.702386666666676,2
1103,55.718838,37.709909999999994,2
1104,55.71588933333334,37.717286666666666,2
1105,55.71254333333333,37.724516666666666,2
1106,55.70751111111111,37.73719555555556,2
1107,55.70652444444445,37.742819555555556,2
1108,55.70584,37.748472,2
1109,55.70545777777778,37.754152888888896,2
1110,55.70537777777778,37.759862222222225,2
1111,55.70811555555555,37.76996333333334,2
1112,55.71038488888889,37.774428,2
1113,55.712407999999996,37.778994,2
1114,55.71418488888888,37.78366133333333,2
1115,55.71571555555556,37.78843,2
1116,55.716215555555564,37.79740222222223,2
1117,55.71565155555556,37.80151688888889,2
1118,55.715308,37.805644,2
1119,55.71518488888889,37.809783555555555,2
1120,55.71528222222223,37.81393555555556,2
1121,55.71398111111112,37.82415111111112,2
1122,55.71205644444445,37.830075111111114,2
1123,55.709826,37.835872,2
1124,55.70728977777778,37.84154177777778,2
1125,55.70444777777778,37.84708444444445,2
1126,55.69858222222223,37.852782222222224,2
1127,55.695898222222226,37.8532048888889,2
1128,55.693248,37.853768,2
1129,55.690631555555555,37.854471555555556,2
1130,55.688048888888886,37.855315555555556,2
1131,55.68367555555557,37.85686555555556,2
1132,55.68183422222223,37.857331555555554,2
1133,55.679975999999996,37.857698,2
1134,55.67810088888889,37.85796488888888,2
1135,55.676208888888894,37.85813222222222,2
1136,55.742585911111114,37.56971018888889,2
1137,55.74074812444445,37.573908968888894,2
1138,55.73914064,37.57818734,2
1139,55.73776345777778,37.58254530222223,2
1140,55.73661657777778,37.58698285555556,2
1141,55.73509111111112,37.59456666666668,2
1142,55.73432577777778,37.59758000000001,2
1143,55.733404,37.60054000000001,2
1144,55.732325777777774,37.60344666666667,2
1145,55.73109111111111,37.606300000000005,2
1146,55.729262222222225,37.61162,2
1147,55.72895955555556,37.61414533333333,2
1148,55.728792,37.616676,2
1149,55.728759555555555,37.619212,2
1150,55.728862222222226,37.62175333333333,2
1151,55.729852222222235,37.62650666666667,2
1152,55.730483555555566,37.62873733333334,2
1153,55.730994,37.630992,2
1154,55.73138355555556,37.633270666666675,2
1155,55.73165222222222,37.63557333333334,2
1156,55.733160000000005,37.64042222222223,2
1157,55.73464266666667,37.64285555555556,2
1158,55.736248,37.6452,2
1159,55.737976,37.64745555555555,2
1160,55.739826666666666,37.64962222222223,2
1161,55.744506666666666,37.652662222222226,2
1162,55.747144,37.65375955555556,2
1163,55.749712,37.654992,2
1164,55.75221066666666,37.656359555555554,2
1165,55.754639999999995,37.65786222222223,2
1166,55.760068888888895,37.659128888888894,2
1167,55.7630968888889,37.65859955555557,2
1168,55.766084,37.657912,2
1169,55.76903022222223,37.65706622222223,2
1170,55.77193555555556,37.65606222222222,2
1171,55.77512,37.65093888888889,2
1172,55.77564533333334,37.64702222222222,2
1173,55.77637599999999,37.64315,2
1174,55.777311999999995,37.63932222222222,2
1175,55.77845333333334,37.63553888888889,2
1176,55.780461111111116,37.62696888888889,2
1177,55.78086444444445,37.62213688888889,2
1178,55.781009999999995,37.617304000000004,2
1179,55.78089777777778,37.61247022222222,2
1180,55.78052777777778,37.60763555555556,2
1181,55.77890777777778,37.599811111111116,2
1182,55.77807911111111,37.596791111111116,2
1183,55.777414,37.59374,2
1184,55.77691244444445,37.59065777777778,2
1185,55.77657444444445,37.58754444444445,2
1186,55.774038888888896,37.58289777777778,2
1187,55.77161555555557,37.58152977777778,2
1188,55.769130000000004,37.580296000000004,2
1189,55.766582222222226,37.57919644444445,2
1190,55.76397222222222,37.57823111111111,2
1191,55.75826324444445,37.57580174444445,2
1192,55.755331457777785,37.57405552444445,2
1193,55.75250464,37.572161339999994,2
1194,55.749782791111116,37.57011919111111,2
1195,55.74716591111111,37.56792907777778,2
1196,55.55478333333333,37.48903435555556,2
1197,55.55634640000001,37.48500296888889,2
1198,55.5576892,37.48090584,2
1199,55.558811733333336,37.47674296888889,2
1200,55.559714,37.47251435555556,2
1201,55.5615729888889,37.466555400000004,2
1202,55.56282898222223,37.46496410666668,2
1203,55.564163980000004,37.46344612,2
1204,55.56557798222222,37.46200144000001,2
1205,55.56707098888889,37.460630066666674,2
1206,55.5721435,37.45546808888889,2
1207,55.57541706666668,37.45144774222223,2
1208,55.5784637,37.44727096,2
1209,55.581283400000004,37.44293774222223,2
1210,55.58387616666667,37.43844808888889,2
1211,55.58818156666667,37.4291063888889,2
1212,55.590353640000004,37.42454522222223,2
1213,55.59275822,37.4201185,2
1214,55.595395306666674,37.41582622222222,2
1215,55.598264900000004,37.41166838888889,2
1216,55.60442127777778,37.410860455555564,2
1217,55.60762271111112,37.413893395555554,2
1218,55.6109713,37.41674382,2
1219,55.61446704444444,37.41941172888889,2
1220,55.61810994444444,37.42189712222223,2
1221,55.624143333333336,37.426903333333335,2
1222,55.626229333333335,37.42970533333333,2
1223,55.628158,37.43260599999999,2
1224,55.62992933333334,37.43560533333333,2
1225,55.63154333333333,37.43870333333333,2
1226,55.63447,37.44728666666667,2
1227,55.636212,37.45255866666667,2
1228,55.638226,37.457716,2
1229,55.640512,37.462758666666666,2
1230,55.643069999999994,37.467686666666665,2
1231,55.64910666666667,37.47390444444444,2
1232,55.65221733333334,37.475467111111115,2
1233,55.655232,37.477188,2
1234,55.658150666666664,37.47906711111111,2
1235,55.66097333333333,37.48110444444444,2
1236,55.6654288888889,37.48738111111112,2
1237,55.667359555555564,37.491343111111114,2
1238,55.669492,37.495186000000004,2
1239,55.67182622222223,37.49890977777778,2
1240,55.67436222222223,37.502514444444444,2
1241,55.68029,37.51020555555556,2
1242,55.68323733333334,37.514548888888896,2
1243,55.685942,37.51903,2
1244,55.688404,37.523648888888886,2
1245,55.690623333333335,37.52840555555555,2
1246,55.69497444444445,37.53801,2
1247,55.69757911111111,37.54256266666667,2
1248,55.700413999999995,37.546958,2
1249,55.70347911111111,37.551196000000004,2
1250,55.70677444444444,37.555276666666664,2
1251,55.71257111111111,37.559694444444446,2
1252,55.71480044444445,37.56030444444444,2
1253,55.716988,37.561029999999995,2
1254,55.719133777777785,37.56187111111111,2
1255,55.72123777777777,37.56282777777777,2
1256,55.72354,37.566425555555554,2
1257,55.723910666666676,37.5689208888889,2
1258,55.724412,37.571386,2
1259,55.725044000000004,37.57382088888889,2
1260,55.72580666666667,37.57622555555556,2
1261,55.72853222222223,37.5810188888889,2
1262,55.7302248888889,37.58351688888889,2
1263,55.731778,37.586094,2
1264,55.73319155555555,37.58875022222222,2
1265,55.73446555555556,37.59148555555555,2
1266,55.737007777777784,37.59608222222222,2
1267,55.73849911111112,37.597778222222225,2
1268,55.74007399999999,37.599388000000005,2
1269,55.741732444444445,37.600911555555555,2
1270,55.743474444444445,37.6023488888889,2
1271,55.74642333333334,37.60461888888889,2
1272,55.74749066666668,37.60559022222223,2
1273,55.748502,37.606614,2
1274,55.74945733333333,37.60769022222222,2
1275,55.75035666666666,37.60881888888889,2
1276,55.752136666666665,37.61124444444445,2
1277,55.75313200000001,37.61243111111111,2
1278,55.754186,37.61356,2
1279,55.75529866666667,37.61463111111111,2
1280,55.75647,37.61564444444444,2
1281,55.75826888888889,37.618322222222226,2
1282,55.75874355555557,37.620062222222224,2
1283,55.759124,37.62182,2
1284,55.75941022222223,37.62359555555555,2
1285,55.75960222222223,37.62538888888889,2
1286,55.76044222222223,37.62926666666667,2
1287,55.76128755555556,37.63128000000001,2
1288,55.762236,37.63324,2
1289,55.76328755555556,37.63514666666667,2
1290,55.76444222222223,37.637,2
1291,55.76647000000001,37.64037666666667,2
1292,55.767152,37.64198266666667,2
1293,55.767746,37.643618,2
1294,55.768252000000004,37.64528266666666,2
1295,55.76867,37.64697666666667,2
1296,55.76988333333333,37.65009,2
1297,55.77083333333334,37.651424000000006,2
1298,55.77185,37.652702000000005,2
1299,55.772933333333334,37.653924,2
1300,55.77408333333334,37.65509,2
1301,55.77634666666667,37.657943333333336,2
1302,55.77729466666667,37.65972933333334,2
1303,55.778144,37.661558,2
1304,55.778894666666666,37.66342933333333,2
1305,55.77954666666666,37.66534333333333,2
1306,55.781263333333335,37.66964333333333,2
1307,55.782541333333334,37.67190933333333,2
1308,55.783934,37.674098,2
1309,55.78544133333334,37.67620933333333,2
1310,55.787063333333336,37.678243333333334,2
1311,55.790825555555564,37.68585,2
1312,55.7925408888889,37.691566666666674,2
1313,55.793946000000005,37.69735,2
1314,55.79504088888889,37.703199999999995,2
1315,55.79582555555556,37.70911666666667,2
1316,55.796890000000005,37.72021666666667,2
1317,55.797744,37.72526666666667,2
1318,55.798862,37.73025,2
1319,55.800244000000006,37.73516666666667,2
1320,55.80189,37.74001666666667,2
1321,55.805397777777785,37.74278888888889,2
1322,55.807089777777776,37.740875555555554,2
1323,55.808876,37.739059999999995,2
1324,55.81075644444444,37.737342222222225,2
1325,55.81273111111111,37.73572222222222,2
1326,55.538300000000014,37.51838444444444,2
1327,55.53873333333334,37.520935111111115,2
1328,55.539300000000004,37.523452,2
1329,55.540000000000006,37.52593511111111,2
1330,55.54083333333334,37.52838444444444,2
1331,55.542687777777786,37.53275111111111,2
1332,55.54346711111112,37.53473511111112,2
1333,55.544138000000004,37.536752,2
1334,55.544700444444445,37.53880177777778,2
1335,55.54515444444444,37.540884444444444,2
1336,55.545675555555555,37.544991111111116,2
1337,55.54595422222223,37.546959111111114,2
1338,55.546336,37.548904,2
1339,55.54682088888889,37.55082577777778,2
1340,55.54740888888888,37.55272444444444,2
1341,55.55207444444444,37.557818888888896,2
1342,55.555852444444454,37.561223555555564,2
1343,55.559433999999996,37.564814,2
1344,55.56281911111111,37.56859022222223,2
1345,55.56600777777778,37.57255222222223,2
1346,55.571178888888895,37.577024444444454,2
1347,55.57335955555556,37.57723244444445,2
1348,55.575542,37.577324000000004,2
1349,55.577726222222225,37.57729911111112,2
1350,55.57991222222222,37.577157777777785,2
1351,55.58469000000001,37.57304333333334,2
1352,55.587464,37.56934933333334,2
1353,55.590422000000004,37.565818,2
1354,55.593564,37.56244933333333,2
1355,55.59689,37.559243333333335,2
1356,55.917858888888894,37.545678888888894,2
1357,55.914100888888896,37.54505955555557,2
1358,55.910326,37.544642,2
1359,55.90653422222222,37.54442622222223,2
1360,55.902725555555556,37.54441222222223,2
1361,55.89575111111112,37.54515555555556,2
1362,55.89259511111111,37.545542222222224,2
1363,55.88943199999999,37.54576,2
1364,55.886261777777776,37.545808888888885,2
1365,55.88308444444445,37.54568888888889,2
1366,55.87762888888889,37.545385555555555,2
1367,55.87537288888889,37.54549022222223,2
1368,55.873132,37.545714000000004,2
1369,55.870906222222224,37.54605688888889,2
1370,55.868695555555554,37.54651888888889,2
1371,55.86505888888889,37.54965,2
1372,55.86349422222223,37.552106666666674,2
1373,55.861806,37.55447,2
1374,55.85999422222223,37.556740000000005,2
1375,55.85805888888889,37.55891666666667,2
1376,55.85406108888889,37.562941744444444,2
1377,55.85223747555556,37.56497152444445,2
1378,55.85052916000001,37.56708934,2
1379,55.84893614222223,37.56929519111111,2
1380,55.847458422222225,37.57158907777778,2
1381,55.8442750888889,37.57430352222222,2
1382,55.84244947555556,37.57453830222222,2
1383,55.84061916,37.57467534,2
1384,55.838784142222224,37.57471463555555,2
1385,55.836944422222224,37.574656188888895,2
1386,55.83274777777778,37.57649333333333,2
1387,55.83051644444445,37.578596000000005,2
1388,55.828405999999994,37.580808,2
1389,55.82641644444445,37.58312933333333,2
1390,55.82454777777778,37.58556,2
1391,55.82154333333334,37.590761111111114,2
1392,55.820156000000004,37.59333777777778,2
1393,55.818638,37.59583,2
1394,55.81698933333333,37.59823777777778,2
1395,55.81521,37.60056111111112,2
1396,55.81001888888889,37.60463555555556,2
1397,55.806856888888895,37.60663022222223,2
1398,55.803813999999996,37.608784,2
1399,55.80089022222222,37.61109688888889,2
1400,55.79808555555556,37.61356888888889,2
1401,55.79307555555556,37.61632333333334,2
1402,55.7907608888889,37.616324,2
1403,55.788456000000004,37.616202,2
1404,55.78616088888889,37.61595733333333,2
1405,55.783875555555554,37.61559,2
1406,55.779357777777776,37.615632222222224,2
1407,55.77715911111112,37.61627822222223,2
1408,55.775003999999996,37.617037999999994,2
1409,55.772892444444444,37.61791155555555,2
1410,55.77082444444444,37.618898888888886,2
1411,55.76889333333334,37.623244444444445,2
1412,55.768816000000015,37.62647111111111,2
1413,55.768568,37.62967999999999,2
1414,55.76814933333334,37.632871111111115,2
1415,55.76756,37.63604444444445,2
1416,55.764681111111116,37.641987777777786,2
1417,55.76272311111112,37.64486711111111,2
1418,55.76092600000001,37.647838,2
1419,55.75928977777778,37.650900444444446,2
1420,55.75781444444445,37.65405444444445,2
1421,55.75534666666667,37.66162666666667,2
1422,55.75397466666667,37.66586266666667,2
1423,55.752384,37.670007999999996,2
1424,55.750574666666665,37.67406266666667,2
1425,55.74854666666667,37.67802666666667,2
1426,55.74442444444445,37.67917333333334,2
1427,55.74241911111112,37.676564,2
1428,55.740284,37.674071999999995,2
1429,55.738019111111115,37.67169733333333,2
1430,55.73562444444445,37.669439999999994,2
1431,55.730876666666674,37.669072222222226,2
1432,55.728576000000004,37.67071555555555,2
1433,55.726198000000004,37.67223,2
1434,55.723742666666666,37.67361555555556,2
1435,55.72121,37.67487222222223,2
1436,55.71653111111112,37.677267777777786,2
1437,55.71454311111111,37.67863511111111,2
1438,55.712636,37.680102,2
1439,55.71080977777778,37.68166844444445,2
1440,55.70906444444445,37.68333444444444,2
1441,55.70599777777779,37.692394444444446,2
1442,55.70422311111112,37.69956444444445,2
1443,55.702076,37.70661,2
1444,55.69955644444444,37.71353111111111,2
1445,55.69666444444445,37.720327777777776,2
1446,55.69240555555556,37.73127777777778,2
1447,55.69164222222223,37.735577777777785,2
1448,55.691109999999995,37.73989999999999,2
1449,55.690808888888895,37.74424444444445,2
1450,55.69073888888889,37.74861111111111,2
1451,55.6885788888889,37.75480222222223,2
1452,55.68617955555556,37.75647022222223,2
1453,55.683702000000004,37.758004,2
1454,55.681146222222225,37.75940355555556,2
1455,55.678512222222224,37.760668888888894,2
1456,55.673367777777784,37.7595588888889,2
1457,55.67083511111112,37.75746088888889,2
1458,55.668201999999994,37.755506,2
1459,55.66546844444444,37.75369422222222,2
1460,55.66263444444445,37.75202555555556,2
1461,55.6579188888889,37.74948222222223,2
1462,55.65620355555556,37.74837822222223,2
1463,55.654554,37.747188,2
1464,55.65297022222222,37.74591155555556,2
1465,55.65145222222222,37.744548888888886,2
1466,55.647222222222226,37.74281444444445,2
1467,55.644448888888896,37.74267644444445,2
1468,55.64168,37.742686,2
1469,55.638915555555556,37.742843111111114,2
1470,55.63615555555556,37.74314777777778,2
1471,55.63135222222223,37.74389,2
1472,55.629303555555566,37.744070666666666,2
1473,55.62725400000001,37.744142000000004,2
1474,55.62520355555556,37.744104,2
1475,55.623152222222224,37.74395666666667,2
1476,55.619614444444444,37.74377333333334,2
1477,55.61814311111111,37.743924,2
1478,55.616685999999994,37.744152,2
1479,55.61524311111111,37.74445733333333,2
1480,55.61381444444444,37.74484,2
1481,55.61813106666668,37.48256407777779,2
1482,55.61965564000001,37.48375232444445,2
1483,55.621236720000006,37.48485474,2
1484,55.622874306666674,37.485871324444446,2
1485,55.62456840000001,37.48680207777778,2
1486,55.63054484444445,37.490596244444454,2
1487,55.634586617777785,37.49374632444445,2
1488,55.63844432,37.49709724,2
1489,55.64211795111112,37.50064899111112,2
1490,55.64560751111111,37.504401577777784,2
1491,55.6523157,37.51080964444445,2
1492,55.65582325333334,37.51306883111112,2
1493,55.65943566,37.51513256,2
1494,55.66315292,37.51700083111111,2
1495,55.66697503333334,37.51867364444445,2
1496,55.731061888888895,37.73219835555555,2
1497,55.7298654888889,37.73611650222223,2
1498,55.728881799999996,37.74008144,2
1499,55.72811082222223,37.744093168888895,2
1500,55.72755255555556,37.74815168888889,2
1501,55.72642122222223,37.75728442222223,2
1502,55.72537748888889,37.76223554222223,2
1503,55.7240758,37.767110360000004,2
1504,55.72251615555555,37.77190887555555,2
1505,55.72069855555556,37.77663108888889,2
1506,55.71559514444445,37.78710225555556,2
1507,55.71289369777779,37.793045475555566,2
1508,55.71051866,37.79910666000001,2
1509,55.70847003111111,37.8052858088889,2
1510,55.706747811111114,37.81158292222223,2
1511,55.705763833333336,37.82354086666667,2
1512,55.705882333333335,37.82906658666667,2
1513,55.7057075,37.83457516,2
1514,55.70523933333333,37.840066586666666,2
1515,55.70447783333333,37.84554086666667,2
1516,55.70390523333334,37.855972566666665,2
1517,55.70464477333334,37.86088710666667,2
1518,55.705641619999994,37.865741619999994,2
1519,55.70689577333333,37.87053610666666,2
1520,55.70840723333333,37.875270566666664,2
1521,55.7103629,37.883485355555564,2
1522,55.71036297333333,37.887010768888885,2
1523,55.710176219999994,37.89052124,2
1524,55.70980264,37.89401676888889,2
1525,55.709242233333335,37.89749735555556,2
1526,55.70695441111112,37.90537897777778,2
1527,55.705655991111115,37.90984483111112,2
1528,55.70459973999999,37.914360560000006,2
1529,55.70378565777778,37.91892616444444,2
1530,55.70321374444445,37.92354164444444,2
